{
  "sampler": "as",
  "benchmark": "b5",
  "subset": "S0123",
  "L_S_star": 0.4292789,
  "p_stab": 0.0,
  "lambda_min": -0.2658545076847076,
  "P1": 0.009110721627133899,
  "total_vHv": -347.28966653347015,
  "remainder": -347.29877725509726,
  "P1_fraction": 2.62337826462603e-05
}