{
  "sampler": "as",
  "benchmark": "b5",
  "subset": "S4",
  "L_S_star": 0.6020193,
  "p_stab": 0.2,
  "lambda_min": -3.2071361541748047,
  "P1": 0.351711621536006,
  "total_vHv": 669.3122535943985,
  "remainder": 668.9605419728625,
  "P1_fraction": 0.0005254821193653056
}