{
  "sampler": "as",
  "benchmark": "b5",
  "subset": "S124",
  "L_S_star": 0.424732,
  "p_stab": 0.0,
  "lambda_min": -1.1039193868637085,
  "P1": 0.12705380302069244,
  "total_vHv": 267.62060821056366,
  "remainder": 267.49355440754294,
  "P1_fraction": 0.00047475343498464494
}