{
  "sampler": "as",
  "benchmark": "b5",
  "subset": "S024",
  "L_S_star": 0.4906343000000001,
  "p_stab": 0.0,
  "lambda_min": -1.3387032747268677,
  "P1": 0.03529204606594285,
  "total_vHv": 320.1695531606674,
  "remainder": 320.1342611146015,
  "P1_fraction": 0.00011022923859415696
}