{
  "sampler": "as",
  "benchmark": "b5",
  "subset": "S3",
  "L_S_star": 0.4332166,
  "p_stab": 0.6,
  "lambda_min": -2.564316272735596,
  "P1": 0.14833591564987436,
  "total_vHv": 485.2014034986496,
  "remainder": 485.05306758299974,
  "P1_fraction": 0.0003057202938413525
}