{
  "sampler": "as",
  "benchmark": "b5",
  "subset": "S1234",
  "L_S_star": 0.4265689999999999,
  "p_stab": 0.0,
  "lambda_min": -1.1047075986862185,
  "P1": 0.1397766347251134,
  "total_vHv": 447.4932327866554,
  "remainder": 447.3534561519303,
  "P1_fraction": 0.0003123547452430892
}