{
  "sampler": "as",
  "benchmark": "b5",
  "subset": "S12",
  "L_S_star": 0.4202299,
  "p_stab": 0.0,
  "lambda_min": -1.1416572332382202,
  "P1": 0.15958243407709524,
  "total_vHv": 137.1830701828003,
  "remainder": 137.0234877487232,
  "P1_fraction": 0.001163280817846771
}