{
  "sampler": "as",
  "benchmark": "b5",
  "subset": "S34",
  "L_S_star": 0.6339005999999999,
  "p_stab": 0.0,
  "lambda_min": -2.0903799533843994,
  "P1": 0.04531461219878547,
  "total_vHv": 207.98474550247192,
  "remainder": 207.93943089027314,
  "P1_fraction": 0.00021787469119087445
}