{
  "sampler": "as",
  "benchmark": "c5",
  "subset": "S3",
  "L_S_star": 89.9711867,
  "p_stab": 1.0,
  "lambda_min": -162.7524871826172,
  "P1": 1.6447691595073672,
  "total_vHv": -6623.516082763672,
  "remainder": -6625.1608519231795,
  "P1_fraction": 0.0002483226641190641
}