{
  "sampler": "as",
  "benchmark": "c5",
  "subset": "S014",
  "L_S_star": 0.5933449,
  "p_stab": 0.0,
  "lambda_min": -6.709588050842285,
  "P1": 0.1319466791504965,
  "total_vHv": -179.6383410692215,
  "remainder": -179.770287748372,
  "P1_fraction": 0.0007345129016726945
}