{
  "sampler": "as",
  "benchmark": "c5",
  "subset": "S4",
  "L_S_star": 51.4176998,
  "p_stab": 1.0,
  "lambda_min": -351.6990661621094,
  "P1": 1.5482071134877158,
  "total_vHv": 10695.686340332031,
  "remainder": 10694.138133218543,
  "P1_fraction": 0.00014475060919182111
}