{
  "sampler": "as",
  "benchmark": "c5",
  "subset": "S0",
  "L_S_star": 0.4177047,
  "p_stab": 1.0,
  "lambda_min": -4.664210796356201,
  "P1": 0.13745607384772737,
  "total_vHv": -394.3008556962013,
  "remainder": -394.43831177004904,
  "P1_fraction": 0.0003486070898958406
}