{
  "sampler": "as",
  "benchmark": "c5",
  "subset": "S013",
  "L_S_star": 0.5924014,
  "p_stab": 0.0,
  "lambda_min": -3.9054479598999023,
  "P1": 0.04966377680975129,
  "total_vHv": -592.564195394516,
  "remainder": -592.6138591713258,
  "P1_fraction": 8.381163964298901e-05
}