{
  "sampler": "as",
  "benchmark": "c5",
  "subset": "S123",
  "L_S_star": 0.5930484,
  "p_stab": 0.0,
  "lambda_min": -1.1952582597732544,
  "P1": 0.040794131889130225,
  "total_vHv": 96.68074548244476,
  "remainder": 96.63995135055563,
  "P1_fraction": 0.00042194680735571497
}