{
  "sampler": "as",
  "benchmark": "c5",
  "subset": "S1",
  "L_S_star": 0.3744705,
  "p_stab": 1.0,
  "lambda_min": -9.566694259643556,
  "P1": 0.10568371527828567,
  "total_vHv": 79.26240563392639,
  "remainder": 79.1567219186481,
  "P1_fraction": 0.0013333397394756452
}