{
  "sampler": "as",
  "benchmark": "c5",
  "subset": "S1234",
  "L_S_star": 0.5936298000000001,
  "p_stab": 0.0,
  "lambda_min": -1.0404212474822998,
  "P1": 0.03512461562074604,
  "total_vHv": 173.96993935108185,
  "remainder": 173.9348147354611,
  "P1_fraction": 0.00020190048781842856
}