{
  "sampler": "as",
  "benchmark": "c5",
  "subset": "S34",
  "L_S_star": 1570.8945250000002,
  "p_stab": 0.0,
  "lambda_min": -306.85711669921875,
  "P1": 4.325335889333603,
  "total_vHv": 35134.44900512695,
  "remainder": 35130.12366923762,
  "P1_fraction": 0.00012310811786752144
}