{
  "sampler": "as",
  "benchmark": "c5",
  "subset": "S2",
  "L_S_star": 0.3630913,
  "p_stab": 1.0,
  "lambda_min": -2.371616840362549,
  "P1": 0.052117250309319935,
  "total_vHv": -137.6025378704071,
  "remainder": -137.65465512071643,
  "P1_fraction": 0.00037875210091230764
}