{
  "sampler": "as",
  "benchmark": "w5",
  "subset": "S2",
  "L_S_star": 0.3630913,
  "p_stab": 1.0,
  "lambda_min": -2.272932529449463,
  "P1": 0.05296216506510973,
  "total_vHv": -145.4821228981018,
  "remainder": -145.53508506316692,
  "P1_fraction": 0.0003640458635743784
}