{
  "sampler": "as",
  "benchmark": "w5",
  "subset": "S1",
  "L_S_star": 0.3744705,
  "p_stab": 1.0,
  "lambda_min": -9.572547912597656,
  "P1": 0.10687564901876322,
  "total_vHv": -146.56350016593933,
  "remainder": -146.6703758149581,
  "P1_fraction": 0.0007292105394432147
}