{
  "sampler": "as",
  "benchmark": "w5",
  "subset": "S1234",
  "L_S_star": 1.4560536,
  "p_stab": 0.0,
  "lambda_min": -2.5741214752197266,
  "P1": 0.07141687516412931,
  "total_vHv": 1019.9832916259766,
  "remainder": 1019.9118747508124,
  "P1_fraction": 7.001769122146616e-05
}