{
  "sampler": "as",
  "benchmark": "w5",
  "subset": "S03",
  "L_S_star": 0.6368138,
  "p_stab": 0.0,
  "lambda_min": -1.7136880159378052,
  "P1": 0.049115539350846664,
  "total_vHv": -1345.7591459155083,
  "remainder": -1345.8082614548591,
  "P1_fraction": 3.649653022973152e-05
}