{
  "sampler": "as",
  "benchmark": "w5",
  "subset": "S014",
  "L_S_star": 0.6360724000000001,
  "p_stab": 0.0,
  "lambda_min": -3.757028579711914,
  "P1": 0.04863838669975812,
  "total_vHv": -959.9676728248596,
  "remainder": -960.0163112115594,
  "P1_fraction": 5.066669230290511e-05
}