{
  "sampler": "as",
  "benchmark": "w5",
  "subset": "S24",
  "L_S_star": 0.6358933,
  "p_stab": 0.0,
  "lambda_min": -2.268656015396118,
  "P1": 0.027772769663788496,
  "total_vHv": -430.8013245463371,
  "remainder": -430.8290973160009,
  "P1_fraction": 6.446769794180334e-05
}