{
  "sampler": "as",
  "benchmark": "w5",
  "subset": "S14",
  "L_S_star": 0.6271256000000001,
  "p_stab": 0.0,
  "lambda_min": -1.754626989364624,
  "P1": 0.019912870936853143,
  "total_vHv": 46.13954573869705,
  "remainder": 46.119632867760195,
  "P1_fraction": 0.0004315792584864818
}