{
  "sampler": "as",
  "benchmark": "w5",
  "subset": "S23",
  "L_S_star": 1.4018078,
  "p_stab": 0.0,
  "lambda_min": -6.297335624694824,
  "P1": 0.12877929793568327,
  "total_vHv": 692.155659198761,
  "remainder": 692.0268799008253,
  "P1_fraction": 0.00018605539985722214
}