{
  "sampler": "as",
  "benchmark": "w5",
  "subset": "S0",
  "L_S_star": 0.4177047,
  "p_stab": 1.0,
  "lambda_min": -4.345844745635986,
  "P1": 0.12349663160482305,
  "total_vHv": 321.06801867485046,
  "remainder": 320.9445220432456,
  "P1_fraction": 0.00038464320462216806
}