{
  "sampler": "as",
  "benchmark": "w5",
  "subset": "S023",
  "L_S_star": 1.5055112999999998,
  "p_stab": 0.0,
  "lambda_min": -2.299142599105835,
  "P1": 0.09769036280520958,
  "total_vHv": -1085.6255888938904,
  "remainder": -1085.7232792566956,
  "P1_fraction": 8.998531704170146e-05
}