{
  "sampler": "asbs",
  "benchmark": "b5",
  "subset": "S0123",
  "L_S_star": 0.4117242999999999,
  "p_stab": 0.0,
  "lambda_min": -1.5180381536483765,
  "P1": 0.009774865356920782,
  "total_vHv": 177.34412103891373,
  "remainder": 177.3343461735568,
  "P1_fraction": 5.511806819223752e-05
}