{
  "sampler": "asbs",
  "benchmark": "c5",
  "subset": "S0",
  "L_S_star": 0.4247514,
  "p_stab": 1.0,
  "lambda_min": -40.98776626586914,
  "P1": 0.27861833507108386,
  "total_vHv": -800.451934337616,
  "remainder": -800.730552672687,
  "P1_fraction": 0.0003480762843075758
}