{
  "sampler": "asbs",
  "benchmark": "c5",
  "subset": "S12",
  "L_S_star": 0.5683314,
  "p_stab": 0.0,
  "lambda_min": -29.859867095947266,
  "P1": 0.06168185999082925,
  "total_vHv": -288.04317116737366,
  "remainder": -288.10485302736447,
  "P1_fraction": 0.00021414102525265657
}