{
  "sampler": "asbs",
  "benchmark": "c5",
  "subset": "S1234",
  "L_S_star": 0.5420271,
  "p_stab": 0.0,
  "lambda_min": -28.649734497070312,
  "P1": 0.06490859531023889,
  "total_vHv": -983.2973778247833,
  "remainder": -983.3622864200936,
  "P1_fraction": 6.601115468630747e-05
}