{
  "sampler": "asbs",
  "benchmark": "c5",
  "subset": "S4",
  "L_S_star": 51.10681,
  "p_stab": 1.0,
  "lambda_min": -133.01773071289062,
  "P1": 2.706117974640621,
  "total_vHv": -24630.422592163086,
  "remainder": -24633.128710137727,
  "P1_fraction": 0.0001098689218390286
}