{
  "sampler": "asbs",
  "benchmark": "c5",
  "subset": "S34",
  "L_S_star": 50.0354513,
  "p_stab": 0.0,
  "lambda_min": -247.9976043701172,
  "P1": 3.441116272490751,
  "total_vHv": -31691.718101501465,
  "remainder": -31695.159217773955,
  "P1_fraction": 0.00010858093150613093
}