{
  "sampler": "asbs",
  "benchmark": "c5",
  "subset": "S3",
  "L_S_star": 90.8882523,
  "p_stab": 1.0,
  "lambda_min": -99.26476287841795,
  "P1": 0.9432765904990258,
  "total_vHv": -22080.001831054688,
  "remainder": -22080.945107645188,
  "P1_fraction": 4.272085653418465e-05
}