{
  "sampler": "asbs",
  "benchmark": "w5",
  "subset": "S0134",
  "L_S_star": 0.6064189,
  "p_stab": 0.0,
  "lambda_min": -13.03935432434082,
  "P1": 0.056278117032354934,
  "total_vHv": -80.66371083259583,
  "remainder": -80.71998894962817,
  "P1_fraction": 0.0006976881729267462
}