{
  "sampler": "asbs",
  "benchmark": "w5",
  "subset": "S4",
  "L_S_star": 0.3734022,
  "p_stab": 1.0,
  "lambda_min": -38.18067169189453,
  "P1": 0.3125381214735156,
  "total_vHv": 341.5980935096741,
  "remainder": 341.2855553882006,
  "P1_fraction": 0.0009149293494653917
}