{
  "sampler": "asbs",
  "benchmark": "c5",
  "subset": "S1",
  "L_S_star": 0.4184397000000001,
  "p_stab": 1.0,
  "lambda_min": -41.52306365966797,
  "P1": 0.5557521598154446,
  "total_vHv": -405.08948266506195,
  "remainder": -405.6452348248774,
  "P1_fraction": 0.0013719244354581702
}