{
  "sampler": "asbs",
  "benchmark": "w5",
  "subset": "S1234",
  "L_S_star": 1.2080353,
  "p_stab": 0.0,
  "lambda_min": -16.104759216308594,
  "P1": 0.13269710524356923,
  "total_vHv": 279.9227833747864,
  "remainder": 279.7900862695428,
  "P1_fraction": 0.00047404896323088766
}