{
  "sampler": "asbs",
  "benchmark": "w5",
  "subset": "S014",
  "L_S_star": 0.5946526,
  "p_stab": 0.0,
  "lambda_min": -19.59824752807617,
  "P1": 0.05714149721633876,
  "total_vHv": -403.4785181283951,
  "remainder": -403.5356596256114,
  "P1_fraction": 0.00014162215495730807
}