{
  "sampler": "asbs",
  "benchmark": "c5",
  "subset": "S0123",
  "L_S_star": 0.5798013000000001,
  "p_stab": 0.0,
  "lambda_min": -14.560746192932127,
  "P1": 0.05728970134573465,
  "total_vHv": 770.0057327747345,
  "remainder": 769.9484430733887,
  "P1_fraction": 7.440165560752692e-05
}