{
  "sampler": "asbs",
  "benchmark": "w5",
  "subset": "S04",
  "L_S_star": 0.6420604,
  "p_stab": 0.0,
  "lambda_min": -35.54856872558594,
  "P1": 0.2723908700013533,
  "total_vHv": -1140.4483020305634,
  "remainder": -1140.7206929005647,
  "P1_fraction": 0.00023884543430538555
}