{
  "sampler": "asbs",
  "benchmark": "w5",
  "subset": "S012",
  "L_S_star": 0.5911403,
  "p_stab": 0.0,
  "lambda_min": -16.005815505981445,
  "P1": 0.03925062311260917,
  "total_vHv": -556.8418651819229,
  "remainder": -556.8811158050355,
  "P1_fraction": 7.048791688782012e-05
}