{
  "sampler": "asbs",
  "benchmark": "b5",
  "subset": "S1234",
  "L_S_star": 0.41073,
  "p_stab": 0.0,
  "lambda_min": -1.2273263931274414,
  "P1": 0.1121230300708674,
  "total_vHv": -156.53587877750397,
  "remainder": -156.64800180757484,
  "P1_fraction": 0.0007162768749659274
}