{
  "sampler": "asbs",
  "benchmark": "b5",
  "subset": "S124",
  "L_S_star": 0.4086901999999999,
  "p_stab": 0.0,
  "lambda_min": -1.1952667236328125,
  "P1": 0.11620000659754733,
  "total_vHv": 426.6948997974396,
  "remainder": 426.57869979084205,
  "P1_fraction": 0.00027232574528704824
}