{
  "sampler": "asbs",
  "benchmark": "b5",
  "subset": "S34",
  "L_S_star": 0.6227996000000001,
  "p_stab": 0.0,
  "lambda_min": -48.6488037109375,
  "P1": 0.15868191449828156,
  "total_vHv": -1119.7996139526367,
  "remainder": -1119.958295867135,
  "P1_fraction": 0.00014170563422339152
}