{
  "sampler": "asbs",
  "benchmark": "b5",
  "subset": "S123",
  "L_S_star": 0.4093128,
  "p_stab": 0.0,
  "lambda_min": -1.153854489326477,
  "P1": 0.10490952447212767,
  "total_vHv": 303.5525232553482,
  "remainder": 303.44761373087607,
  "P1_fraction": 0.0003456058389731891
}