{
  "sampler": "asbs",
  "benchmark": "w5",
  "subset": "S23",
  "L_S_star": 2.153552,
  "p_stab": 0.0,
  "lambda_min": -43.10081481933594,
  "P1": 1.0367604629526381,
  "total_vHv": 138.71997594833374,
  "remainder": 137.6832154853811,
  "P1_fraction": 0.007473764725406472
}