{
  "sampler": "asbs",
  "benchmark": "b5",
  "subset": "S0234",
  "L_S_star": 0.4956319999999999,
  "p_stab": 0.0,
  "lambda_min": -2.6993141174316406,
  "P1": 0.08514767142485362,
  "total_vHv": 103.56079787015915,
  "remainder": 103.4756501987343,
  "P1_fraction": 0.0008221998398614747
}