{
  "sampler": "asbs",
  "benchmark": "w5",
  "subset": "S0234",
  "L_S_star": 1.1900468,
  "p_stab": 0.0,
  "lambda_min": -17.25087547302246,
  "P1": 0.08519334950622579,
  "total_vHv": -1606.8734228610992,
  "remainder": -1606.9586162106054,
  "P1_fraction": 5.3018083623867826e-05
}