{
  "sampler": "asbs",
  "benchmark": "c5",
  "subset": "S2",
  "L_S_star": 0.3970637999999999,
  "p_stab": 1.0,
  "lambda_min": -32.21485900878906,
  "P1": 0.32202224052664824,
  "total_vHv": 287.0325744152069,
  "remainder": 286.7105521746803,
  "P1_fraction": 0.001121901377161168
}