{
  "sampler": "asbs",
  "benchmark": "w5",
  "subset": "S3",
  "L_S_star": 0.3902034,
  "p_stab": 1.0,
  "lambda_min": -31.3892879486084,
  "P1": 0.10779395768600517,
  "total_vHv": 298.5195070505142,
  "remainder": 298.4117130928282,
  "P1_fraction": 0.0003610951885557302
}