{
  "sampler": "asbs",
  "benchmark": "w5",
  "subset": "S2",
  "L_S_star": 0.3970637999999999,
  "p_stab": 1.0,
  "lambda_min": -32.09056854248047,
  "P1": 0.33134370173716454,
  "total_vHv": -30.5832177400589,
  "remainder": -30.914561441796064,
  "P1_fraction": 0.010834167436282426
}