{
  "sampler": "asbs",
  "benchmark": "b5",
  "subset": "S3",
  "L_S_star": 0.5434447,
  "p_stab": 0.4,
  "lambda_min": -123.43988800048828,
  "P1": 0.3864716433654015,
  "total_vHv": -493.67502331733704,
  "remainder": -494.0614949607024,
  "P1_fraction": 0.000782846255353083
}