{
  "sampler": "asbs",
  "benchmark": "c5",
  "subset": "S124",
  "L_S_star": 0.5434543,
  "p_stab": 0.0,
  "lambda_min": -25.211816787719727,
  "P1": 0.05370995302510273,
  "total_vHv": -672.2872704267502,
  "remainder": -672.3409803797753,
  "P1_fraction": 7.9891372911168e-05
}