{
  "lambda_min": -1.1047075986862183,
  "lambda_max": 42.298439025878906,
  "eigenvalues": [
    -1.1047075986862183,
    -0.806403398513794,
    -0.7731162309646606,
    -0.7358432412147522,
    -0.7128349542617798,
    -0.7002913951873779,
    -0.6693719625473022,
    -0.6373588442802429,
    -0.6122896671295166,
    -0.5790374279022217,
    -0.5375853180885315,
    -0.49600014090538025,
    -0.4446435570716858,
    -0.4018429219722748,
    -0.3554179072380066,
    -0.30844587087631226,
    -0.25191301107406616,
    -0.18661464750766754,
    -0.14327019453048706,
    -0.0808911994099617,
    -0.012062557972967625,
    0.0014413021272048354,
    0.043458327651023865,
    0.1084151342511177,
    0.17452658712863922,
    0.21782168745994568,
    0.273922324180603,
    0.33358731865882874,
    0.39289557933807373,
    0.4513435363769531,
    0.4965270757675171,
    0.5514649152755737,
    0.5975222587585449,
    0.6378117203712463,
    0.6585248112678528,
    0.6970644593238831,
    0.7303810119628906,
    0.7474448680877686,
    0.7681177258491516,
    0.8092483282089233,
    0.837489664554596,
    0.9338275790214539,
    1.0750888586044312,
    2.021225690841675,
    3.8857522010803223,
    5.239391803741455,
    5.742227077484131,
    9.54596996307373,
    22.319915771484375,
    42.298439025878906
  ],
  "dim": 83330,
  "T_lanczos": 50,
  "converged": true
}