{
  "lambda_min": -3.2071361541748047,
  "lambda_max": 2071.142333984375,
  "eigenvalues": [
    -3.2071361541748047,
    -2.806175470352173,
    -2.4825804233551025,
    -2.1156773567199707,
    -1.9427082538604736,
    -1.686920166015625,
    -1.6408690214157104,
    -1.5797241926193237,
    -1.4713867902755737,
    -1.37855064868927,
    -1.2918424606323242,
    -1.204242467880249,
    -1.128044843673706,
    -1.0223817825317383,
    -0.831646740436554,
    -0.752799391746521,
    -0.6853586435317993,
    -0.568581223487854,
    -0.47848305106163025,
    -0.3629896938800812,
    -0.23733754456043243,
    -0.0676557868719101,
    0.0007163611007854342,
    0.057750556617975235,
    0.2120586335659027,
    0.36512941122055054,
    0.4689317047595978,
    0.5457242727279663,
    0.6650735139846802,
    0.7980175018310547,
    0.8457800149917603,
    0.9570844173431396,
    1.0355411767959595,
    1.1816856861114502,
    1.2955414056777954,
    1.3778634071350098,
    1.4624770879745483,
    1.4848383665084839,
    1.5323532819747925,
    1.6284348964691162,
    1.9370265007019043,
    2.299204111099243,
    3.2391695976257324,
    3.6031265258789062,
    5.358099937438965,
    7.1221442222595215,
    17.97347068786621,
    22.427324295043945,
    550.4733276367188,
    2071.142333984375
  ],
  "dim": 83330,
  "T_lanczos": 50,
  "converged": false
}