{
  "lambda_min": -1.3387032747268677,
  "lambda_max": 124.93968963623047,
  "eigenvalues": [
    -1.3387032747268677,
    -1.2373809814453125,
    -1.1637014150619507,
    -1.148945927619934,
    -1.0842585563659668,
    -1.0734703540802002,
    -1.0164581537246704,
    -0.9801893830299377,
    -0.9143275618553162,
    -0.8530916571617126,
    -0.7848677039146423,
    -0.7174335718154907,
    -0.6407445669174194,
    -0.5611181855201721,
    -0.46090349555015564,
    -0.3681339919567108,
    -0.2902508080005646,
    -0.18743287026882172,
    -0.0868074893951416,
    -0.0016722639556974173,
    0.027541758492588997,
    0.11890190839767456,
    0.22512076795101166,
    0.33310648798942566,
    0.43743517994880676,
    0.5217224359512329,
    0.6251783967018127,
    0.7174889445304871,
    0.7983303070068359,
    0.8891019821166992,
    0.9767158031463623,
    1.038150429725647,
    1.1162059307098389,
    1.18195641040802,
    1.2363375425338745,
    1.290305256843567,
    1.318446159362793,
    1.3457211256027222,
    1.4078304767608643,
    1.6508731842041016,
    2.1766903400421143,
    2.254032850265503,
    3.5513200759887695,
    4.054254531860352,
    6.345770359039307,
    8.309197425842285,
    23.981483459472656,
    61.36140823364258,
    81.22159576416016,
    124.93968963623047
  ],
  "dim": 83330,
  "T_lanczos": 50,
  "converged": true
}