{
  "lambda_min": -1.1039193868637085,
  "lambda_max": 51.22704315185547,
  "eigenvalues": [
    -1.1039193868637085,
    -0.8259595036506653,
    -0.8015964031219482,
    -0.7751145362854004,
    -0.7600740194320679,
    -0.7299339175224304,
    -0.7042754292488098,
    -0.6668575406074524,
    -0.63865065574646,
    -0.6026968955993652,
    -0.5680196285247803,
    -0.5260011553764343,
    -0.48282596468925476,
    -0.43763914704322815,
    -0.38888102769851685,
    -0.32390400767326355,
    -0.2674589157104492,
    -0.21348163485527039,
    -0.15238064527511597,
    -0.07958471775054932,
    -0.009944071993231773,
    0.0015158086316660047,
    0.05741539224982262,
    0.11683464050292969,
    0.17234990000724792,
    0.23529933393001556,
    0.29714033007621765,
    0.3438768982887268,
    0.4184733033180237,
    0.47829410433769226,
    0.5409986972808838,
    0.5847429037094116,
    0.629034698009491,
    0.6548718214035034,
    0.7021434307098389,
    0.7396475672721863,
    0.7641963362693787,
    0.7917574048042297,
    0.8351737856864929,
    0.8415480852127075,
    0.8599110841751099,
    0.9256441593170166,
    1.1779366731643677,
    2.0962750911712646,
    4.064169406890869,
    5.31743049621582,
    6.154432773590088,
    9.526346206665039,
    23.683557510375977,
    51.22704315185547
  ],
  "dim": 83330,
  "T_lanczos": 50,
  "converged": true
}