{
  "lambda_min": -0.26585450768470764,
  "lambda_max": 71.00700378417969,
  "eigenvalues": [
    -0.26585450768470764,
    -0.2579023241996765,
    -0.24978671967983246,
    -0.24063041806221008,
    -0.23490771651268005,
    -0.22231115400791168,
    -0.2152874916791916,
    -0.19474822282791138,
    -0.1820870339870453,
    -0.16616350412368774,
    -0.1432107537984848,
    -0.1341356486082077,
    -0.10050878673791885,
    -0.08489610254764557,
    -0.06499665230512619,
    -0.03699495643377304,
    -0.012907641008496284,
    -0.0001940111833391711,
    0.01030195876955986,
    0.043578095734119415,
    0.06823769211769104,
    0.0861005187034607,
    0.11363156884908676,
    0.14524130523204803,
    0.15894216299057007,
    0.19109207391738892,
    0.20357251167297363,
    0.22626620531082153,
    0.24146172404289246,
    0.26769307255744934,
    0.2815592288970947,
    0.30163246393203735,
    0.3072390854358673,
    0.34124240279197693,
    0.3470577001571655,
    0.41540291905403137,
    0.43474337458610535,
    0.46343621611595154,
    0.9225053787231445,
    0.9788943529129028,
    1.173811912536621,
    1.346692442893982,
    1.4299860000610352,
    1.583563208580017,
    5.566517353057861,
    6.428811550140381,
    14.535056114196777,
    30.511585235595703,
    35.66292953491211,
    71.00700378417969
  ],
  "dim": 83330,
  "T_lanczos": 50,
  "converged": true
}