{
  "lambda_min": -2.5643162727355957,
  "lambda_max": 1740.46826171875,
  "eigenvalues": [
    -2.5643162727355957,
    -2.115920066833496,
    -2.061588764190674,
    -1.9680143594741821,
    -1.9102389812469482,
    -1.7921007871627808,
    -1.7353192567825317,
    -1.6390963792800903,
    -1.5704113245010376,
    -1.5278815031051636,
    -1.3702746629714966,
    -1.282994031906128,
    -1.1829057931900024,
    -1.0450775623321533,
    -0.9077243208885193,
    -0.7995466589927673,
    -0.6439231634140015,
    -0.5546397566795349,
    -0.40105244517326355,
    -0.2373223602771759,
    -0.13856440782546997,
    -1.4278635944720008e-06,
    0.08081959187984467,
    0.2800619900226593,
    0.3639813959598541,
    0.5460653305053711,
    0.7107670307159424,
    0.8101716637611389,
    0.9489805698394775,
    1.0509049892425537,
    1.1963286399841309,
    1.345698356628418,
    1.4226551055908203,
    1.5138607025146484,
    1.6995519399642944,
    1.756312370300293,
    1.827758550643921,
    1.9272547960281372,
    1.9820276498794556,
    2.0181727409362793,
    2.0391762256622314,
    2.1983962059020996,
    2.3846518993377686,
    4.003774642944336,
    5.4193315505981445,
    7.168870449066162,
    14.785747528076172,
    23.318037033081055,
    460.480224609375,
    1740.46826171875
  ],
  "dim": 83330,
  "T_lanczos": 50,
  "converged": false
}