{
  "lambda_min": -2.0903799533843994,
  "lambda_max": 777.2403564453125,
  "eigenvalues": [
    -2.0903799533843994,
    -2.0706746578216553,
    -1.9444637298583984,
    -1.8562487363815308,
    -1.8322995901107788,
    -1.727603793144226,
    -1.6703987121582031,
    -1.6230305433273315,
    -1.466240644454956,
    -1.3412597179412842,
    -1.2196648120880127,
    -1.0572139024734497,
    -0.9396483898162842,
    -0.7471666932106018,
    -0.5729175806045532,
    -0.4451696276664734,
    -0.28488144278526306,
    -0.03919047862291336,
    0.0019491298589855433,
    0.17441168427467346,
    0.3598461449146271,
    0.524767279624939,
    0.7020919322967529,
    0.8752562999725342,
    1.100594162940979,
    1.2734614610671997,
    1.4136288166046143,
    1.5825952291488647,
    1.8837037086486816,
    1.9955024719238281,
    2.0775363445281982,
    2.3427507877349854,
    2.4854862689971924,
    2.65157151222229,
    2.7819526195526123,
    2.8399202823638916,
    2.9297873973846436,
    2.995561361312866,
    3.184588670730591,
    3.271273136138916,
    3.2879717350006104,
    3.676670551300049,
    4.789670467376709,
    8.397026062011719,
    9.179637908935547,
    10.795315742492676,
    208.8995819091797,
    298.1346435546875,
    746.6471557617188,
    777.2403564453125
  ],
  "dim": 83330,
  "T_lanczos": 50,
  "converged": true
}