{
  "lambda_min": -1.1416572332382202,
  "lambda_max": 45.946739196777344,
  "eigenvalues": [
    -1.1416572332382202,
    -0.7702196836471558,
    -0.759063720703125,
    -0.7530602812767029,
    -0.7227864861488342,
    -0.6778537034988403,
    -0.6510375142097473,
    -0.6331361532211304,
    -0.6019960641860962,
    -0.5764502286911011,
    -0.5461258888244629,
    -0.5012061595916748,
    -0.4520397186279297,
    -0.40292850136756897,
    -0.35653167963027954,
    -0.3078824281692505,
    -0.25089138746261597,
    -0.19310830533504486,
    -0.1459348350763321,
    -0.0817539170384407,
    -0.0202227421104908,
    0.0006760560208931565,
    0.049302201718091965,
    0.10387229174375534,
    0.1630946397781372,
    0.21760118007659912,
    0.2761324346065521,
    0.3320508897304535,
    0.38317036628723145,
    0.4372358024120331,
    0.49611571431159973,
    0.5352544784545898,
    0.5835569500923157,
    0.615973711013794,
    0.650037407875061,
    0.6893451809883118,
    0.7119660377502441,
    0.7320294380187988,
    0.7499954104423523,
    0.7751372456550598,
    0.8192352652549744,
    0.9523705840110779,
    1.1343294382095337,
    1.9967325925827026,
    3.9786758422851562,
    5.273985385894775,
    5.914506912231445,
    9.632288932800293,
    22.993566513061523,
    45.946739196777344
  ],
  "dim": 83330,
  "T_lanczos": 50,
  "converged": false
}