{
  "lambda_min": -351.6990661621094,
  "lambda_max": 24816.681640625,
  "eigenvalues": [
    -351.6990661621094,
    -297.65240478515625,
    -288.91094970703125,
    -284.7303771972656,
    -266.2193908691406,
    -257.787841796875,
    -245.61459350585938,
    -233.45770263671875,
    -224.92556762695312,
    -210.67124938964844,
    -198.19076538085938,
    -160.7803955078125,
    -139.18031311035156,
    -115.99906158447266,
    -98.00130462646484,
    -77.67533111572266,
    -52.393924713134766,
    -24.91824722290039,
    -0.09781867265701294,
    11.729649543762207,
    38.338722229003906,
    72.45174407958984,
    93.59777069091797,
    121.219970703125,
    150.97531127929688,
    180.53382873535156,
    218.96798706054688,
    240.99327087402344,
    263.0561218261719,
    288.67901611328125,
    313.0238037109375,
    362.89666748046875,
    385.5426025390625,
    401.26373291015625,
    434.881591796875,
    454.28521728515625,
    475.1720886230469,
    491.6448669433594,
    505.8942565917969,
    523.419189453125,
    539.5205688476562,
    550.8954467773438,
    577.1135864257812,
    598.5648193359375,
    602.7557373046875,
    618.3831787109375,
    645.7799682617188,
    773.6718139648438,
    787.1646728515625,
    24816.681640625
  ],
  "dim": 83330,
  "T_lanczos": 50,
  "converged": true
}