{
  "lambda_min": -306.85711669921875,
  "lambda_max": 24377.48828125,
  "eigenvalues": [
    -306.85711669921875,
    -212.37901306152344,
    -206.27223205566406,
    -202.0632781982422,
    -197.4079132080078,
    -194.9459991455078,
    -181.70376586914062,
    -169.81533813476562,
    -164.11309814453125,
    -153.25181579589844,
    -143.74237060546875,
    -107.99520874023438,
    -92.02572631835938,
    -84.02127075195312,
    -67.3098373413086,
    -54.030338287353516,
    -34.124820709228516,
    -19.57773208618164,
    -0.01550739910453558,
    8.857815742492676,
    25.445167541503906,
    50.91109085083008,
    64.58292388916016,
    96.21746826171875,
    114.68294525146484,
    138.76806640625,
    162.59486389160156,
    174.12989807128906,
    192.74981689453125,
    216.41000366210938,
    247.67723083496094,
    265.4222412109375,
    277.6830139160156,
    290.8337097167969,
    312.1242980957031,
    321.2795715332031,
    335.79107666015625,
    356.3299560546875,
    362.4327087402344,
    376.33880615234375,
    388.11419677734375,
    410.192626953125,
    425.3978271484375,
    447.1044921875,
    465.5469665527344,
    480.2054443359375,
    539.8109741210938,
    561.7203979492188,
    777.824462890625,
    24377.48828125
  ],
  "dim": 83330,
  "T_lanczos": 50,
  "converged": true
}