{
  "lambda_min": -9.566694259643555,
  "lambda_max": 832.7915649414062,
  "eigenvalues": [
    -9.566694259643555,
    -9.070233345031738,
    -8.844615936279297,
    -8.489310264587402,
    -8.405500411987305,
    -7.994932651519775,
    -7.730733871459961,
    -7.382171154022217,
    -7.136524200439453,
    -6.995622158050537,
    -6.4507622718811035,
    -6.20207405090332,
    -5.910736083984375,
    -5.386629581451416,
    -5.058966159820557,
    -4.524063587188721,
    -4.124009132385254,
    -3.667384624481201,
    -3.1252996921539307,
    -2.752345085144043,
    -2.254199504852295,
    -1.740391731262207,
    -1.2816377878189087,
    -0.7835181951522827,
    -0.009067470207810402,
    0.0260421484708786,
    0.5625621676445007,
    1.052677869796753,
    1.4438645839691162,
    1.999886393547058,
    2.393446445465088,
    2.877849817276001,
    3.3119993209838867,
    3.713043689727783,
    4.094461917877197,
    4.4403886795043945,
    4.8134331703186035,
    5.0266571044921875,
    5.3124518394470215,
    5.458739757537842,
    5.955616474151611,
    6.105014801025391,
    6.697312831878662,
    6.8449177742004395,
    7.498813629150391,
    8.143697738647461,
    14.289326667785645,
    18.670621871948242,
    256.5133056640625,
    832.7915649414062
  ],
  "dim": 83330,
  "T_lanczos": 50,
  "converged": true
}