{
  "lambda_min": -2.371616840362549,
  "lambda_max": 747.3141479492188,
  "eigenvalues": [
    -2.371616840362549,
    -2.1101632118225098,
    -2.0109755992889404,
    -2.0052952766418457,
    -1.894413948059082,
    -1.8278100490570068,
    -1.7825897932052612,
    -1.6555836200714111,
    -1.6005991697311401,
    -1.4448639154434204,
    -1.3736279010772705,
    -1.257270336151123,
    -1.1305605173110962,
    -0.9198269844055176,
    -0.8154668211936951,
    -0.6479465365409851,
    -0.48041895031929016,
    -0.311361163854599,
    -0.13419371843338013,
    -0.001600424642674625,
    0.05065460503101349,
    0.3093261122703552,
    0.42654749751091003,
    0.5811182260513306,
    0.8107829093933105,
    0.952717661857605,
    1.141214370727539,
    1.3123252391815186,
    1.498219609260559,
    1.649792194366455,
    1.8209830522537231,
    2.005957841873169,
    2.092341899871826,
    2.2413136959075928,
    2.359915256500244,
    2.4508769512176514,
    2.582005023956299,
    2.647214412689209,
    2.7383580207824707,
    2.7996323108673096,
    2.9952239990234375,
    3.3569424152374268,
    3.4635720252990723,
    3.721752643585205,
    3.789255380630493,
    6.35821533203125,
    12.909971237182617,
    21.106035232543945,
    147.18467712402344,
    747.3141479492188
  ],
  "dim": 83330,
  "T_lanczos": 50,
  "converged": true
}