{
  "lambda_min": -4.664210796356201,
  "lambda_max": 916.655029296875,
  "eigenvalues": [
    -4.664210796356201,
    -3.9149928092956543,
    -3.711329460144043,
    -3.6811535358428955,
    -3.3711814880371094,
    -3.2980613708496094,
    -3.2674176692962646,
    -3.1436972618103027,
    -3.017326593399048,
    -2.852698564529419,
    -2.619966745376587,
    -2.5315091609954834,
    -2.3533880710601807,
    -2.1931214332580566,
    -1.9610841274261475,
    -1.7009130716323853,
    -1.5317550897598267,
    -1.2977912425994873,
    -1.0570021867752075,
    -0.8424105644226074,
    -0.6238983869552612,
    -0.4372900426387787,
    -0.008546276949346066,
    0.012943116016685963,
    0.284126341342926,
    0.4678637385368347,
    0.711443305015564,
    0.9524927735328674,
    1.1688835620880127,
    1.3963284492492676,
    1.6551563739776611,
    1.8610185384750366,
    2.0317413806915283,
    2.1926047801971436,
    2.35740065574646,
    2.5345683097839355,
    2.7274017333984375,
    2.854732036590576,
    2.9639182090759277,
    3.0284738540649414,
    3.1795401573181152,
    3.33846116065979,
    3.619758129119873,
    4.153549671173096,
    4.729581832885742,
    6.7772698402404785,
    15.402873992919922,
    18.340251922607422,
    288.4215087890625,
    916.655029296875
  ],
  "dim": 83330,
  "T_lanczos": 50,
  "converged": false
}