{
  "lambda_min": -6.709588050842285,
  "lambda_max": 1162.9935302734375,
  "eigenvalues": [
    -6.709588050842285,
    -6.2052321434021,
    -5.838874340057373,
    -5.7692975997924805,
    -5.362821102142334,
    -5.1790571212768555,
    -5.083807945251465,
    -4.8159050941467285,
    -4.622703552246094,
    -4.482313632965088,
    -4.114404201507568,
    -3.8399479389190674,
    -3.49284029006958,
    -3.1367714405059814,
    -2.8156113624572754,
    -2.4075846672058105,
    -2.0331008434295654,
    -1.6528397798538208,
    -1.2464289665222168,
    -0.8400163650512695,
    -0.39499741792678833,
    -0.0032691245432943106,
    0.1414450705051422,
    0.6251146197319031,
    1.1113139390945435,
    1.5478172302246094,
    1.911689043045044,
    2.2652952671051025,
    2.6807780265808105,
    3.1190075874328613,
    3.407271146774292,
    3.751033067703247,
    4.164131164550781,
    4.402873516082764,
    4.809898853302002,
    5.052637577056885,
    5.275576114654541,
    5.510132789611816,
    5.636641979217529,
    5.932518005371094,
    6.202934265136719,
    7.123016357421875,
    7.254040241241455,
    7.43776273727417,
    8.30406665802002,
    13.290814399719238,
    319.8421325683594,
    409.2486877441406,
    585.4896240234375,
    1162.9935302734375
  ],
  "dim": 83330,
  "T_lanczos": 50,
  "converged": true
}