{
  "lambda_min": -1.1952582597732544,
  "lambda_max": 683.189697265625,
  "eigenvalues": [
    -1.1952582597732544,
    -1.1585133075714111,
    -1.114787220954895,
    -0.9842641949653625,
    -0.9589301347732544,
    -0.9200404286384583,
    -0.8953668475151062,
    -0.8444200754165649,
    -0.7738559246063232,
    -0.7220991849899292,
    -0.649986743927002,
    -0.6002503037452698,
    -0.5767703056335449,
    -0.4471251964569092,
    -0.4170703589916229,
    -0.3139347732067108,
    -0.1936730444431305,
    -0.12483356893062592,
    -0.060923848301172256,
    0.0015495981788262725,
    0.02747630700469017,
    0.11493879556655884,
    0.19987699389457703,
    0.33906474709510803,
    0.39980629086494446,
    0.4577878713607788,
    0.5565301775932312,
    0.6158155798912048,
    0.6832175850868225,
    0.7512111067771912,
    0.8052095770835876,
    0.8500227928161621,
    0.9407739043235779,
    0.9667534232139587,
    1.0908358097076416,
    1.1606721878051758,
    1.256273865699768,
    1.4083112478256226,
    1.6587908267974854,
    1.8857812881469727,
    2.081864595413208,
    3.4961180686950684,
    4.2865424156188965,
    5.265653610229492,
    7.332248210906982,
    10.469303131103516,
    180.21044921875,
    202.7081756591797,
    372.7555847167969,
    683.189697265625
  ],
  "dim": 83330,
  "T_lanczos": 50,
  "converged": false
}