{
  "lambda_min": -1.0404212474822998,
  "lambda_max": 711.5078125,
  "eigenvalues": [
    -1.0404212474822998,
    -0.9305111169815063,
    -0.8736599683761597,
    -0.8583338856697083,
    -0.8303840756416321,
    -0.783030092716217,
    -0.7451950907707214,
    -0.699589192867279,
    -0.6478248834609985,
    -0.5919379591941833,
    -0.5392285585403442,
    -0.489177942276001,
    -0.4167405068874359,
    -0.3443366587162018,
    -0.26542961597442627,
    -0.19281058013439178,
    -0.07450348883867264,
    -0.0015776377404108644,
    0.012127306312322617,
    0.08100557327270508,
    0.18584443628787994,
    0.2814125418663025,
    0.3603343665599823,
    0.4527222812175751,
    0.5572673082351685,
    0.6307407021522522,
    0.7019914388656616,
    0.8043254613876343,
    0.863460898399353,
    0.9131780862808228,
    0.9976372718811035,
    1.030877709388733,
    1.0994843244552612,
    1.151232123374939,
    1.2278343439102173,
    1.2929538488388062,
    1.4231233596801758,
    1.4778982400894165,
    1.708713173866272,
    2.0001094341278076,
    2.198855400085449,
    3.5652730464935303,
    4.251522064208984,
    5.253259658813477,
    7.530166149139404,
    10.19418716430664,
    187.9565887451172,
    236.49722290039062,
    368.6554870605469,
    711.5078125
  ],
  "dim": 83330,
  "T_lanczos": 50,
  "converged": true
}