{
  "lambda_min": -162.7524871826172,
  "lambda_max": 23988.169921875,
  "eigenvalues": [
    -162.7524871826172,
    -157.35391235351562,
    -148.14276123046875,
    -143.71151733398438,
    -139.3360595703125,
    -131.19403076171875,
    -120.35124206542969,
    -112.3733901977539,
    -103.73692321777344,
    -99.6343765258789,
    -93.94287109375,
    -88.39232635498047,
    -82.76571655273438,
    -74.57264709472656,
    -66.99942016601562,
    -62.888736724853516,
    -57.18292236328125,
    -43.08506393432617,
    -36.80848693847656,
    -28.90437126159668,
    -18.837249755859375,
    -14.073949813842773,
    -1.6043461561203003,
    -0.09352245181798935,
    6.652934551239014,
    18.898521423339844,
    24.187097549438477,
    32.307308197021484,
    42.01082992553711,
    48.921348571777344,
    57.9361686706543,
    67.83916473388672,
    73.84374237060547,
    81.50497436523438,
    88.18485260009766,
    93.47332763671875,
    101.14527893066406,
    104.78146362304688,
    112.0329360961914,
    118.46182250976562,
    126.86514282226562,
    128.68765258789062,
    131.77279663085938,
    140.62977600097656,
    143.46603393554688,
    149.84213256835938,
    176.25146484375,
    195.7893524169922,
    9460.4326171875,
    23988.169921875
  ],
  "dim": 83330,
  "T_lanczos": 50,
  "converged": true
}