{
  "lambda_min": -3.9054479598999023,
  "lambda_max": 1243.98486328125,
  "eigenvalues": [
    -3.9054479598999023,
    -3.7750043869018555,
    -3.636646270751953,
    -3.5277798175811768,
    -3.4453048706054688,
    -3.3216967582702637,
    -3.2191126346588135,
    -3.0120270252227783,
    -2.842001438140869,
    -2.615089178085327,
    -2.4293131828308105,
    -2.1746103763580322,
    -1.9759533405303955,
    -1.7155338525772095,
    -1.4908620119094849,
    -1.1952694654464722,
    -0.8519046902656555,
    -0.5040885210037231,
    -0.21747486293315887,
    -0.002316141966730356,
    0.1695462018251419,
    0.45173180103302,
    0.849580705165863,
    1.1815365552902222,
    1.5105299949645996,
    1.726631760597229,
    2.056025981903076,
    2.3756980895996094,
    2.6859047412872314,
    3.0077621936798096,
    3.2680392265319824,
    3.530539035797119,
    3.8729324340820312,
    4.0310869216918945,
    4.283087730407715,
    4.518467903137207,
    4.596245288848877,
    4.922102451324463,
    5.036865234375,
    5.188640594482422,
    5.696799278259277,
    5.904928207397461,
    6.256324768066406,
    7.5095391273498535,
    10.032990455627441,
    12.172563552856445,
    326.2921447753906,
    383.2314758300781,
    671.9332885742188,
    1243.98486328125
  ],
  "dim": 83330,
  "T_lanczos": 50,
  "converged": true
}