{
  "lambda_min": -2.299142599105835,
  "lambda_max": 581.9205322265625,
  "eigenvalues": [
    -2.299142599105835,
    -1.902539849281311,
    -1.7305407524108887,
    -1.641205906867981,
    -1.5805453062057495,
    -1.540691614151001,
    -1.474561333656311,
    -1.3846579790115356,
    -1.2648180723190308,
    -1.1306020021438599,
    -1.0484871864318848,
    -0.8858743906021118,
    -0.7653048038482666,
    -0.5810583233833313,
    -0.4688028395175934,
    -0.29426226019859314,
    -0.07290691137313843,
    0.0003262546379119158,
    0.13232764601707458,
    0.27553242444992065,
    0.5132635235786438,
    0.6667701601982117,
    0.8077710866928101,
    1.0283024311065674,
    1.1721895933151245,
    1.3525768518447876,
    1.5865073204040527,
    1.749529242515564,
    1.8669401407241821,
    2.02227783203125,
    2.224853277206421,
    2.3442020416259766,
    2.4294257164001465,
    2.6302475929260254,
    2.7257158756256104,
    2.7860636711120605,
    2.936159610748291,
    2.984745502471924,
    3.236623764038086,
    3.354478359222412,
    3.891680955886841,
    4.553784370422363,
    4.789879322052002,
    6.413488864898682,
    7.36897611618042,
    10.139067649841309,
    169.08290100097656,
    297.5610656738281,
    323.160400390625,
    581.9205322265625
  ],
  "dim": 83330,
  "T_lanczos": 50,
  "converged": true
}