{
  "lambda_min": -2.272932529449463,
  "lambda_max": 743.757080078125,
  "eigenvalues": [
    -2.272932529449463,
    -2.1157987117767334,
    -2.0132510662078857,
    -1.8783197402954102,
    -1.8413448333740234,
    -1.8293237686157227,
    -1.706594467163086,
    -1.6042485237121582,
    -1.5395772457122803,
    -1.446216344833374,
    -1.3310673236846924,
    -1.2621452808380127,
    -1.1026982069015503,
    -0.9110389947891235,
    -0.7567082643508911,
    -0.6221397519111633,
    -0.4723559319972992,
    -0.28845739364624023,
    -0.14540362358093262,
    -0.00038818930624984205,
    0.07208342105150223,
    0.28315481543540955,
    0.4616531729698181,
    0.5980263352394104,
    0.7899799346923828,
    0.9834573864936829,
    1.11831533908844,
    1.3135420083999634,
    1.4877103567123413,
    1.6023783683776855,
    1.8171473741531372,
    1.925303339958191,
    2.054180383682251,
    2.174856662750244,
    2.3458783626556396,
    2.402474880218506,
    2.547300338745117,
    2.606137275695801,
    2.747703790664673,
    2.8172833919525146,
    3.1133008003234863,
    3.277592182159424,
    3.4494075775146484,
    3.6687562465667725,
    3.8695735931396484,
    6.345757007598877,
    13.323712348937988,
    20.66165542602539,
    147.35130310058594,
    743.757080078125
  ],
  "dim": 83330,
  "T_lanczos": 50,
  "converged": true
}