{
  "lambda_min": -2.268656015396118,
  "lambda_max": 391.9256286621094,
  "eigenvalues": [
    -2.268656015396118,
    -2.2368788719177246,
    -2.1619455814361572,
    -2.076413154602051,
    -2.048362970352173,
    -1.9492390155792236,
    -1.9021267890930176,
    -1.7414331436157227,
    -1.6255744695663452,
    -1.5054805278778076,
    -1.3863102197647095,
    -1.2705003023147583,
    -1.069893479347229,
    -0.9342207908630371,
    -0.7160694003105164,
    -0.5725386142730713,
    -0.37925752997398376,
    -0.17459982633590698,
    -0.0006558704772032797,
    0.07893996685743332,
    0.3077877163887024,
    0.507035493850708,
    0.7184957265853882,
    0.9015925526618958,
    1.07512366771698,
    1.2957278490066528,
    1.4532002210617065,
    1.7144490480422974,
    1.8774607181549072,
    2.055171012878418,
    2.1696345806121826,
    2.4238200187683105,
    2.529561758041382,
    2.6761796474456787,
    2.760993480682373,
    3.022454023361206,
    3.088834285736084,
    3.328416347503662,
    3.3996341228485107,
    3.429788589477539,
    3.5065526962280273,
    3.7993199825286865,
    4.23933219909668,
    6.839852809906006,
    8.036850929260254,
    9.141079902648926,
    120.27435302734375,
    184.03030395507812,
    368.6420593261719,
    391.9256286621094
  ],
  "dim": 83330,
  "T_lanczos": 50,
  "converged": true
}