{
  "lambda_min": -9.572547912597656,
  "lambda_max": 831.711669921875,
  "eigenvalues": [
    -9.572547912597656,
    -8.958762168884277,
    -8.817136764526367,
    -8.62336254119873,
    -8.320403099060059,
    -7.8595662117004395,
    -7.678590774536133,
    -7.5280442237854,
    -7.029580116271973,
    -6.849339008331299,
    -6.5765910148620605,
    -5.96583890914917,
    -5.61727237701416,
    -5.276506423950195,
    -4.897127628326416,
    -4.5040059089660645,
    -4.055369853973389,
    -3.620357036590576,
    -3.1414053440093994,
    -2.6190578937530518,
    -2.181140422821045,
    -1.7151193618774414,
    -1.1585919857025146,
    -0.8058664798736572,
    -0.00637087132781744,
    0.032995667308568954,
    0.5340671539306641,
    1.0672295093536377,
    1.542633295059204,
    1.9723342657089233,
    2.486219644546509,
    2.943647861480713,
    3.345423698425293,
    3.740813970565796,
    4.076229095458984,
    4.392656326293945,
    4.7241668701171875,
    5.019857883453369,
    5.204140663146973,
    5.604777812957764,
    5.997635841369629,
    6.130105495452881,
    6.532865524291992,
    6.840116500854492,
    7.491008281707764,
    8.171796798706055,
    14.286179542541504,
    18.23040199279785,
    253.8014678955078,
    831.711669921875
  ],
  "dim": 83330,
  "T_lanczos": 50,
  "converged": true
}