{
  "lambda_min": -6.297335624694824,
  "lambda_max": 857.3148193359375,
  "eigenvalues": [
    -6.297335624694824,
    -6.150031566619873,
    -6.034031391143799,
    -5.65656852722168,
    -5.310982704162598,
    -5.109167575836182,
    -5.019870281219482,
    -4.707812786102295,
    -4.571360111236572,
    -4.229353427886963,
    -3.857008457183838,
    -3.606661558151245,
    -3.3607234954833984,
    -3.071376323699951,
    -2.6337697505950928,
    -2.310636043548584,
    -1.826289176940918,
    -1.4127010107040405,
    -0.9922119975090027,
    -0.5691870450973511,
    -0.07177373021841049,
    0.004554423037916422,
    0.3670044243335724,
    0.8872017860412598,
    1.199363112449646,
    1.6521908044815063,
    2.1501901149749756,
    2.5838029384613037,
    2.9336202144622803,
    3.4315662384033203,
    3.7953600883483887,
    4.21091365814209,
    4.571166038513184,
    4.881428241729736,
    5.219308853149414,
    5.3936591148376465,
    5.857258319854736,
    6.096461772918701,
    6.476142406463623,
    6.621867656707764,
    6.803142547607422,
    7.05437707901001,
    7.322509288787842,
    7.40914249420166,
    9.188106536865234,
    11.316378593444824,
    64.01464080810547,
    163.48629760742188,
    518.2727661132812,
    857.3148193359375
  ],
  "dim": 83330,
  "T_lanczos": 50,
  "converged": true
}