{
  "lambda_min": -1.7136880159378052,
  "lambda_max": 488.7845764160156,
  "eigenvalues": [
    -1.7136880159378052,
    -1.5818660259246826,
    -1.2443702220916748,
    -1.2061994075775146,
    -1.1373803615570068,
    -1.0986218452453613,
    -1.0110121965408325,
    -0.9980131983757019,
    -0.8960191607475281,
    -0.8447401523590088,
    -0.7285633087158203,
    -0.6258948445320129,
    -0.5501447916030884,
    -0.48219916224479675,
    -0.3786405920982361,
    -0.2440488338470459,
    -0.10368728637695312,
    -0.006765000056475401,
    0.014337469823658466,
    0.1536969393491745,
    0.25134485960006714,
    0.3819640278816223,
    0.5037651062011719,
    0.6540687084197998,
    0.7902753949165344,
    0.901435911655426,
    1.0177867412567139,
    1.1226508617401123,
    1.2045600414276123,
    1.290237307548523,
    1.4242111444473267,
    1.5004312992095947,
    1.660382866859436,
    1.7286522388458252,
    1.752484679222107,
    1.849500298500061,
    1.988480567932129,
    2.0458762645721436,
    2.2283992767333984,
    2.475008249282837,
    2.5612685680389404,
    3.267843723297119,
    4.519833564758301,
    6.66216516494751,
    7.5694098472595215,
    8.963479042053223,
    177.35806274414062,
    222.648193359375,
    443.6468505859375,
    488.7845764160156
  ],
  "dim": 83330,
  "T_lanczos": 50,
  "converged": true
}