{
  "lambda_min": -4.345844745635986,
  "lambda_max": 929.978271484375,
  "eigenvalues": [
    -4.345844745635986,
    -3.8713903427124023,
    -3.598525047302246,
    -3.567607879638672,
    -3.3124027252197266,
    -3.258129835128784,
    -3.1951377391815186,
    -3.070138931274414,
    -2.9164206981658936,
    -2.830385684967041,
    -2.5777387619018555,
    -2.47005558013916,
    -2.3232648372650146,
    -2.1234779357910156,
    -1.942524790763855,
    -1.7251266241073608,
    -1.4943877458572388,
    -1.2430000305175781,
    -1.0156450271606445,
    -0.7910968661308289,
    -0.5808972120285034,
    -0.38641244173049927,
    -0.026468675583600998,
    0.003373207524418831,
    0.241559699177742,
    0.4660242795944214,
    0.649712860584259,
    0.9684947729110718,
    1.1433621644973755,
    1.3812623023986816,
    1.6417207717895508,
    1.7853368520736694,
    1.9621502161026,
    2.1482033729553223,
    2.337599992752075,
    2.455703020095825,
    2.626275062561035,
    2.721482515335083,
    2.861788511276245,
    2.9341318607330322,
    3.168128490447998,
    3.291180372238159,
    3.5476086139678955,
    4.110781669616699,
    4.504933834075928,
    6.731855869293213,
    15.657912254333496,
    17.905061721801758,
    288.50396728515625,
    929.978271484375
  ],
  "dim": 83330,
  "T_lanczos": 50,
  "converged": false
}