{
  "lambda_min": -2.5741214752197266,
  "lambda_max": 531.4338989257812,
  "eigenvalues": [
    -2.5741214752197266,
    -2.525656223297119,
    -2.348040819168091,
    -2.23915696144104,
    -2.191725730895996,
    -2.1452434062957764,
    -1.9541345834732056,
    -1.850823163986206,
    -1.7035154104232788,
    -1.5582942962646484,
    -1.373556137084961,
    -1.205055594444275,
    -1.0337696075439453,
    -0.8071190714836121,
    -0.604910135269165,
    -0.34103959798812866,
    -0.14362111687660217,
    0.0008187389466911554,
    0.12286259979009628,
    0.3756660223007202,
    0.6321219801902771,
    0.8943876028060913,
    1.1033167839050293,
    1.3405827283859253,
    1.523242473602295,
    1.8124665021896362,
    2.027630090713501,
    2.2649688720703125,
    2.420325756072998,
    2.613431215286255,
    2.897372245788574,
    3.004378080368042,
    3.1968584060668945,
    3.321136474609375,
    3.3832461833953857,
    3.548793077468872,
    3.599788188934326,
    4.4283599853515625,
    4.454604148864746,
    4.925402641296387,
    5.432282447814941,
    8.588513374328613,
    28.796913146972656,
    31.94251823425293,
    150.55906677246094,
    169.0716094970703,
    179.94932556152344,
    316.2181091308594,
    351.3876647949219,
    531.4338989257812
  ],
  "dim": 83330,
  "T_lanczos": 50,
  "converged": true
}