{
  "lambda_min": -3.757028579711914,
  "lambda_max": 821.346435546875,
  "eigenvalues": [
    -3.757028579711914,
    -3.414405107498169,
    -3.1672921180725098,
    -3.1019914150238037,
    -2.956387519836426,
    -2.9054930210113525,
    -2.687218189239502,
    -2.578261613845825,
    -2.4380900859832764,
    -2.2588589191436768,
    -2.048279285430908,
    -1.8969976902008057,
    -1.635090947151184,
    -1.3912973403930664,
    -1.1479421854019165,
    -0.8585265278816223,
    -0.6414583921432495,
    -0.4042496085166931,
    -0.04820800945162773,
    0.0027141773607581854,
    0.21091756224632263,
    0.5474081039428711,
    0.8425653576850891,
    1.0926915407180786,
    1.4188518524169922,
    1.6876332759857178,
    1.9271268844604492,
    2.3231091499328613,
    2.472294330596924,
    2.7480275630950928,
    2.9179933071136475,
    3.1656012535095215,
    3.368659019470215,
    3.624675750732422,
    3.8341152667999268,
    3.8941268920898438,
    3.9650635719299316,
    4.2087788581848145,
    4.573336124420166,
    4.699844837188721,
    4.927994251251221,
    5.534694671630859,
    7.162144660949707,
    8.042140007019043,
    66.12065887451172,
    141.03665161132812,
    298.5446472167969,
    426.6056213378906,
    544.42529296875,
    821.346435546875
  ],
  "dim": 83330,
  "T_lanczos": 50,
  "converged": true
}