{
  "lambda_min": -1.754626989364624,
  "lambda_max": 478.242919921875,
  "eigenvalues": [
    -1.754626989364624,
    -1.699608325958252,
    -1.6319726705551147,
    -1.595938801765442,
    -1.5536768436431885,
    -1.5124564170837402,
    -1.4414995908737183,
    -1.3349401950836182,
    -1.2444112300872803,
    -1.1674174070358276,
    -1.050837516784668,
    -0.9226301908493042,
    -0.7863278388977051,
    -0.6702919602394104,
    -0.5281465649604797,
    -0.35918593406677246,
    -0.17159965634346008,
    -0.03616972267627716,
    0.006350688636302948,
    0.15091656148433685,
    0.3023989796638489,
    0.44862160086631775,
    0.6253324151039124,
    0.7861074209213257,
    0.9382314085960388,
    1.0851556062698364,
    1.3007291555404663,
    1.4293934106826782,
    1.6071628332138062,
    1.7438504695892334,
    1.8814467191696167,
    1.9810245037078857,
    2.159332752227783,
    2.228041410446167,
    2.3088619709014893,
    2.431354284286499,
    2.530158519744873,
    2.6274869441986084,
    2.779608964920044,
    2.915011167526245,
    3.2187445163726807,
    3.4375574588775635,
    3.809152126312256,
    6.660069465637207,
    7.193034648895264,
    9.917120933532715,
    155.7426300048828,
    195.15853881835938,
    402.8094177246094,
    478.242919921875
  ],
  "dim": 83330,
  "T_lanczos": 50,
  "converged": true
}