{
  "lambda_min": -28.649734497070312,
  "lambda_max": 706.821044921875,
  "eigenvalues": [
    -28.649734497070312,
    -23.95546531677246,
    -23.63030242919922,
    -22.96640396118164,
    -22.32082176208496,
    -21.885189056396484,
    -20.72886085510254,
    -20.274106979370117,
    -19.312660217285156,
    -18.188720703125,
    -17.05019760131836,
    -16.030914306640625,
    -14.923693656921387,
    -13.318020820617676,
    -11.98045825958252,
    -10.24726676940918,
    -8.693610191345215,
    -7.240906238555908,
    -5.554593086242676,
    -4.052072048187256,
    -2.400869846343994,
    -0.6096769571304321,
    0.002222281415015459,
    1.7236591577529907,
    3.491394281387329,
    5.144259929656982,
    6.8153533935546875,
    8.39137077331543,
    10.179519653320312,
    11.782240867614746,
    13.311164855957031,
    14.70860767364502,
    16.28302764892578,
    17.44833755493164,
    18.875484466552734,
    19.75575065612793,
    20.831857681274414,
    22.35359764099121,
    22.961427688598633,
    23.84107208251953,
    24.595853805541992,
    25.228487014770508,
    26.30854034423828,
    28.01001739501953,
    28.886363983154297,
    31.489625930786133,
    196.4553985595703,
    230.4807586669922,
    411.0476379394531,
    706.821044921875
  ],
  "dim": 166660,
  "T_lanczos": 50,
  "converged": true
}