{
  "lambda_min": -1.2273263931274414,
  "lambda_max": 34.30154037475586,
  "eigenvalues": [
    -1.2273263931274414,
    -0.8645294904708862,
    -0.8383580446243286,
    -0.8298324346542358,
    -0.8102654218673706,
    -0.7887916564941406,
    -0.7443809509277344,
    -0.7240568399429321,
    -0.6845236420631409,
    -0.6426751017570496,
    -0.5999383926391602,
    -0.5494897961616516,
    -0.5064851641654968,
    -0.4539404809474945,
    -0.38906824588775635,
    -0.33555474877357483,
    -0.26713448762893677,
    -0.20679987967014313,
    -0.14011530578136444,
    -0.07119869440793991,
    -0.0009914247784763575,
    0.01254073716700077,
    0.08604776114225388,
    0.1582874208688736,
    0.22780798375606537,
    0.2918817102909088,
    0.36437639594078064,
    0.42245805263519287,
    0.4937508702278137,
    0.5448724627494812,
    0.6191569566726685,
    0.6700401902198792,
    0.7191440463066101,
    0.7613123059272766,
    0.8228836059570312,
    0.8601663112640381,
    0.8838948011398315,
    0.93068927526474,
    0.9568743705749512,
    0.9799132347106934,
    0.9865116477012634,
    1.0405234098434448,
    1.0941303968429565,
    1.752304196357727,
    3.9189112186431885,
    5.046358108520508,
    5.418412208557129,
    9.071853637695312,
    18.759798049926758,
    34.30154037475586
  ],
  "dim": 166660,
  "T_lanczos": 50,
  "converged": false
}