{
  "lambda_min": -16.005815505981445,
  "lambda_max": 936.5991821289062,
  "eigenvalues": [
    -16.005815505981445,
    -14.94276237487793,
    -14.151378631591797,
    -13.921058654785156,
    -13.525700569152832,
    -13.2039794921875,
    -12.393678665161133,
    -11.788827896118164,
    -10.946002960205078,
    -10.311323165893555,
    -9.245186805725098,
    -8.467690467834473,
    -7.355808734893799,
    -6.212547302246094,
    -5.083029270172119,
    -3.898606777191162,
    -2.741245985031128,
    -1.5312684774398804,
    -0.02523100934922695,
    0.08800604939460754,
    1.6464885473251343,
    3.0030341148376465,
    4.316220283508301,
    5.7535080909729,
    7.094985008239746,
    8.317480087280273,
    9.560586929321289,
    10.920612335205078,
    12.129449844360352,
    13.356843948364258,
    14.579610824584961,
    15.558245658874512,
    16.845962524414062,
    17.833404541015625,
    18.686351776123047,
    19.310688018798828,
    20.73415184020996,
    21.046768188476562,
    22.295425415039062,
    22.463224411010742,
    23.13794708251953,
    23.421894073486328,
    23.705692291259766,
    25.8552188873291,
    59.95463562011719,
    158.11495971679688,
    226.22682189941406,
    340.7077941894531,
    412.9602966308594,
    936.5991821289062
  ],
  "dim": 166660,
  "T_lanczos": 50,
  "converged": true
}