{
  "lambda_min": -43.10081481933594,
  "lambda_max": 1135.8505859375,
  "eigenvalues": [
    -43.10081481933594,
    -40.99754333496094,
    -37.32963180541992,
    -34.64379119873047,
    -34.27851867675781,
    -33.192779541015625,
    -31.945232391357422,
    -30.505943298339844,
    -29.727474212646484,
    -27.955209732055664,
    -25.130123138427734,
    -23.252635955810547,
    -21.710590362548828,
    -19.803430557250977,
    -17.284503936767578,
    -14.707237243652344,
    -12.04860782623291,
    -9.54912281036377,
    -6.72445011138916,
    -4.489473342895508,
    -1.5974035263061523,
    -0.0014294541906565428,
    2.4483773708343506,
    5.333531379699707,
    8.145576477050781,
    11.062894821166992,
    13.899077415466309,
    16.51773452758789,
    19.53306007385254,
    21.95933723449707,
    24.9454288482666,
    27.232093811035156,
    29.29793930053711,
    32.6632194519043,
    34.607181549072266,
    36.67400360107422,
    38.224578857421875,
    41.02215576171875,
    42.688724517822266,
    44.51945877075195,
    45.8261833190918,
    47.32416915893555,
    49.740806579589844,
    51.07416534423828,
    53.4734992980957,
    56.9224853515625,
    57.76746368408203,
    70.92313385009766,
    496.49810791015625,
    1135.8505859375
  ],
  "dim": 166660,
  "T_lanczos": 50,
  "converged": true
}