{
  "lambda_min": -25.211816787719727,
  "lambda_max": 699.8934326171875,
  "eigenvalues": [
    -25.211816787719727,
    -23.858530044555664,
    -23.67532730102539,
    -23.335742950439453,
    -22.529043197631836,
    -21.783458709716797,
    -20.982704162597656,
    -20.008289337158203,
    -19.67604637145996,
    -17.960922241210938,
    -16.9522705078125,
    -15.823090553283691,
    -14.602046012878418,
    -13.385021209716797,
    -11.826722145080566,
    -10.437420845031738,
    -8.66560173034668,
    -7.0760321617126465,
    -5.327847480773926,
    -3.900114059448242,
    -2.2569401264190674,
    -0.42497771978378296,
    0.005720594897866249,
    1.9278278350830078,
    3.611562728881836,
    5.363994121551514,
    6.997661113739014,
    8.65695571899414,
    10.308613777160645,
    11.949050903320312,
    13.377768516540527,
    15.015562057495117,
    16.306913375854492,
    17.6917724609375,
    18.95614242553711,
    20.177398681640625,
    21.16950798034668,
    22.397676467895508,
    23.155057907104492,
    23.818702697753906,
    24.65021324157715,
    25.455217361450195,
    26.039831161499023,
    28.007875442504883,
    30.17483139038086,
    31.622570037841797,
    200.29371643066406,
    227.34022521972656,
    416.3802490234375,
    699.8934326171875
  ],
  "dim": 166660,
  "T_lanczos": 50,
  "converged": true
}