{
  "lambda_min": -1.5180381536483765,
  "lambda_max": 66.30235290527344,
  "eigenvalues": [
    -1.5180381536483765,
    -1.508498191833496,
    -1.4633185863494873,
    -1.4346914291381836,
    -1.3711528778076172,
    -1.3318787813186646,
    -1.292512059211731,
    -1.2384306192398071,
    -1.1677427291870117,
    -1.0959489345550537,
    -1.037878155708313,
    -0.949829638004303,
    -0.8357257843017578,
    -0.7350776791572571,
    -0.6383768916130066,
    -0.554149866104126,
    -0.4500483274459839,
    -0.3415754437446594,
    -0.2256651669740677,
    -0.12022164463996887,
    -0.0006887081544846296,
    0.03401874750852585,
    0.16362223029136658,
    0.2759374678134918,
    0.4014170467853546,
    0.5090036988258362,
    0.6341559886932373,
    0.7308633923530579,
    0.8401821851730347,
    0.9474446177482605,
    1.0538049936294556,
    1.1434402465820312,
    1.2537057399749756,
    1.3275277614593506,
    1.4129908084869385,
    1.4945143461227417,
    1.5359971523284912,
    1.5873128175735474,
    1.6739614009857178,
    1.6991971731185913,
    1.7816541194915771,
    1.8096413612365723,
    1.9161018133163452,
    2.1493804454803467,
    5.067800045013428,
    5.525169372558594,
    14.848700523376465,
    29.804119110107422,
    30.175655364990234,
    66.30235290527344
  ],
  "dim": 166660,
  "T_lanczos": 50,
  "converged": true
}