{
  "lambda_min": -14.560746192932129,
  "lambda_max": 1045.40283203125,
  "eigenvalues": [
    -14.560746192932129,
    -13.483823776245117,
    -13.345946311950684,
    -13.157644271850586,
    -12.673945426940918,
    -12.174360275268555,
    -11.594856262207031,
    -10.973674774169922,
    -10.444670677185059,
    -9.633389472961426,
    -8.95566177368164,
    -7.955826282501221,
    -7.068987846374512,
    -5.895041465759277,
    -4.787386417388916,
    -3.7108967304229736,
    -2.6640872955322266,
    -1.5215080976486206,
    -0.02438596822321415,
    0.08882540464401245,
    1.4725183248519897,
    2.616264581680298,
    3.812572479248047,
    5.092422962188721,
    6.319503307342529,
    7.476108074188232,
    8.733903884887695,
    9.930289268493652,
    11.059065818786621,
    12.097508430480957,
    13.51598072052002,
    14.44956111907959,
    15.436817169189453,
    16.08199119567871,
    17.296960830688477,
    17.82048225402832,
    18.597171783447266,
    19.500160217285156,
    20.217926025390625,
    20.671308517456055,
    20.967065811157227,
    21.727766036987305,
    22.68067169189453,
    25.758718490600586,
    55.78245162963867,
    143.1644744873047,
    217.2765350341797,
    348.3212890625,
    389.47821044921875,
    1045.40283203125
  ],
  "dim": 166660,
  "T_lanczos": 50,
  "converged": true
}