{
  "lambda_min": -32.09056854248047,
  "lambda_max": 796.5808715820312,
  "eigenvalues": [
    -32.09056854248047,
    -28.259761810302734,
    -27.89807891845703,
    -26.10987663269043,
    -25.559017181396484,
    -24.493209838867188,
    -23.71420669555664,
    -23.167028427124023,
    -21.863941192626953,
    -21.229114532470703,
    -19.789756774902344,
    -18.346149444580078,
    -16.940378189086914,
    -15.546407699584961,
    -13.715221405029297,
    -11.144362449645996,
    -9.525460243225098,
    -7.6029486656188965,
    -5.993323802947998,
    -3.864521026611328,
    -2.000403642654419,
    -0.0005743434885516763,
    0.962195634841919,
    3.1767306327819824,
    5.26393461227417,
    7.227654457092285,
    9.330641746520996,
    11.032638549804688,
    13.855544090270996,
    15.60632038116455,
    17.619062423706055,
    19.413326263427734,
    20.9771785736084,
    22.49642562866211,
    24.40010643005371,
    26.311105728149414,
    27.12999153137207,
    28.74309730529785,
    30.01479721069336,
    30.923194885253906,
    32.30965042114258,
    34.04322814941406,
    35.58136749267578,
    36.8765983581543,
    37.87795639038086,
    41.92095184326172,
    42.741241455078125,
    47.60561752319336,
    140.66636657714844,
    796.5808715820312
  ],
  "dim": 166660,
  "T_lanczos": 50,
  "converged": true
}