{
  "lambda_min": -48.6488037109375,
  "lambda_max": 909.642822265625,
  "eigenvalues": [
    -48.6488037109375,
    -39.803466796875,
    -36.27623748779297,
    -35.214820861816406,
    -34.78837203979492,
    -32.92771530151367,
    -31.429031372070312,
    -30.40079689025879,
    -28.623401641845703,
    -27.27577781677246,
    -25.14723777770996,
    -23.037761688232422,
    -21.045061111450195,
    -18.517658233642578,
    -16.30327033996582,
    -13.284870147705078,
    -10.886566162109375,
    -8.182655334472656,
    -5.80111026763916,
    -2.5546324253082275,
    -0.0020230344962328672,
    1.2902971506118774,
    5.53034782409668,
    8.166930198669434,
    11.17690658569336,
    13.92729377746582,
    17.1224308013916,
    19.912382125854492,
    22.70404624938965,
    25.30434226989746,
    28.168359756469727,
    30.940034866333008,
    33.02459716796875,
    35.56884002685547,
    38.025733947753906,
    40.5596809387207,
    41.724449157714844,
    44.040550231933594,
    45.79584884643555,
    46.15663146972656,
    51.66110610961914,
    52.46854782104492,
    53.58321762084961,
    54.81487274169922,
    59.4557991027832,
    63.37857437133789,
    218.10958862304688,
    344.4568786621094,
    867.5279541015625,
    909.642822265625
  ],
  "dim": 166660,
  "T_lanczos": 50,
  "converged": true
}