{
  "lambda_min": -38.18067169189453,
  "lambda_max": 958.302734375,
  "eigenvalues": [
    -38.18067169189453,
    -36.59488296508789,
    -33.30866241455078,
    -32.494659423828125,
    -31.361207962036133,
    -30.612577438354492,
    -29.74083709716797,
    -28.04094123840332,
    -27.10346031188965,
    -25.158342361450195,
    -23.94338607788086,
    -22.011032104492188,
    -20.368942260742188,
    -18.34998893737793,
    -15.5931396484375,
    -13.45848560333252,
    -11.27685260772705,
    -8.395444869995117,
    -5.891094207763672,
    -3.6175730228424072,
    -0.32942497730255127,
    0.006536857690662146,
    3.6368420124053955,
    5.986079692840576,
    8.515642166137695,
    11.492830276489258,
    14.149950981140137,
    16.722475051879883,
    19.44822120666504,
    22.146318435668945,
    24.55698013305664,
    26.713151931762695,
    29.144174575805664,
    31.87352752685547,
    33.49987030029297,
    35.80187225341797,
    37.61568832397461,
    39.93321990966797,
    41.274627685546875,
    43.833866119384766,
    45.00703430175781,
    47.33648681640625,
    48.91440200805664,
    49.516754150390625,
    51.488868713378906,
    53.93366622924805,
    59.23591995239258,
    66.24162292480469,
    215.0841064453125,
    958.302734375
  ],
  "dim": 166660,
  "T_lanczos": 50,
  "converged": true
}