{
  "lambda_min": -133.01773071289062,
  "lambda_max": 22311.89453125,
  "eigenvalues": [
    -133.01773071289062,
    -126.83883666992188,
    -103.19367218017578,
    -100.36998748779297,
    -97.98664093017578,
    -93.21107482910156,
    -90.07271575927734,
    -85.96605682373047,
    -84.40957641601562,
    -80.63848114013672,
    -75.55062866210938,
    -67.0669174194336,
    -64.48970031738281,
    -60.81765365600586,
    -53.44950485229492,
    -52.13233947753906,
    -45.80205535888672,
    -39.9317512512207,
    -33.487762451171875,
    -29.356426239013672,
    -23.428266525268555,
    -17.40543556213379,
    -10.52148723602295,
    -1.6678352355957031,
    -0.021615449339151382,
    3.828359365463257,
    9.491511344909668,
    16.324466705322266,
    20.897703170776367,
    24.499048233032227,
    33.04364776611328,
    38.165016174316406,
    42.20281982421875,
    46.274532318115234,
    49.79983901977539,
    57.981964111328125,
    59.07965087890625,
    64.50936889648438,
    68.06108856201172,
    72.02831268310547,
    74.56360626220703,
    76.73128509521484,
    78.11640930175781,
    84.04066467285156,
    94.11611938476562,
    99.4535903930664,
    119.6385269165039,
    445.3202209472656,
    598.4468383789062,
    22311.89453125
  ],
  "dim": 166660,
  "T_lanczos": 50,
  "converged": true
}