{
  "lambda_min": -29.859867095947266,
  "lambda_max": 691.2453002929688,
  "eigenvalues": [
    -29.859867095947266,
    -24.75773048400879,
    -24.086111068725586,
    -23.231115341186523,
    -22.81808853149414,
    -22.00242042541504,
    -21.807085037231445,
    -20.50874137878418,
    -19.49028778076172,
    -18.356616973876953,
    -17.507699966430664,
    -16.060565948486328,
    -15.26821231842041,
    -13.409688949584961,
    -11.70988655090332,
    -9.932559967041016,
    -8.441427230834961,
    -6.795105457305908,
    -5.232549667358398,
    -3.5934317111968994,
    -1.8023035526275635,
    -0.0016976856859400868,
    0.6088306903839111,
    2.5909321308135986,
    4.452994346618652,
    6.043452262878418,
    7.7177653312683105,
    9.632674217224121,
    11.445738792419434,
    13.316655158996582,
    14.714478492736816,
    16.199979782104492,
    17.77027702331543,
    19.08510971069336,
    20.346466064453125,
    21.880508422851562,
    23.328006744384766,
    24.37605094909668,
    25.462574005126953,
    26.114473342895508,
    26.573476791381836,
    28.08208465576172,
    28.509944915771484,
    29.059436798095703,
    31.702003479003906,
    33.50874710083008,
    171.65805053710938,
    206.31845092773438,
    376.4073486328125,
    691.2453002929688
  ],
  "dim": 166660,
  "T_lanczos": 50,
  "converged": true
}