{
  "lambda_min": -17.25087547302246,
  "lambda_max": 539.898681640625,
  "eigenvalues": [
    -17.25087547302246,
    -14.674412727355957,
    -14.593255043029785,
    -13.785663604736328,
    -13.536992073059082,
    -13.036081314086914,
    -12.736871719360352,
    -12.05370807647705,
    -11.293067932128906,
    -10.579021453857422,
    -9.796296119689941,
    -8.909090042114258,
    -7.938261985778809,
    -6.816526412963867,
    -5.825554847717285,
    -4.710813999176025,
    -3.5455758571624756,
    -2.3551127910614014,
    -1.2103279829025269,
    -0.00729229673743248,
    0.4085400700569153,
    1.8821357488632202,
    3.006840229034424,
    4.240546226501465,
    5.448841094970703,
    6.5363359451293945,
    7.761897087097168,
    9.057209014892578,
    10.138947486877441,
    11.162367820739746,
    12.329751968383789,
    13.421149253845215,
    14.441104888916016,
    15.149894714355469,
    16.262697219848633,
    17.109107971191406,
    17.52914810180664,
    18.230030059814453,
    19.452106475830078,
    20.044530868530273,
    20.64863395690918,
    21.402978897094727,
    22.8184814453125,
    23.96739387512207,
    78.10025787353516,
    149.35171508789062,
    220.4440155029297,
    271.8245849609375,
    423.49505615234375,
    539.898681640625
  ],
  "dim": 166660,
  "T_lanczos": 50,
  "converged": true
}