{
  "lambda_min": -2.6993141174316406,
  "lambda_max": 110.957275390625,
  "eigenvalues": [
    -2.6993141174316406,
    -2.389303207397461,
    -2.3632962703704834,
    -2.317610263824463,
    -2.2838151454925537,
    -2.189359188079834,
    -2.123605489730835,
    -2.018812894821167,
    -1.9070228338241577,
    -1.8279207944869995,
    -1.6993768215179443,
    -1.5394606590270996,
    -1.3929359912872314,
    -1.2513676881790161,
    -1.0793309211730957,
    -0.9097371697425842,
    -0.7417146563529968,
    -0.5676456093788147,
    -0.37388110160827637,
    -0.1792677789926529,
    -0.00070709123974666,
    0.05708887428045273,
    0.28008562326431274,
    0.460938036441803,
    0.6489835381507874,
    0.8369102478027344,
    1.0203629732131958,
    1.2032305002212524,
    1.3677467107772827,
    1.5569632053375244,
    1.741049885749817,
    1.8721461296081543,
    2.0094001293182373,
    2.1647789478302,
    2.2923829555511475,
    2.4098453521728516,
    2.483743906021118,
    2.633768081665039,
    2.688901662826538,
    2.7576985359191895,
    2.826193332672119,
    3.2188339233398438,
    4.087343215942383,
    4.326893329620361,
    5.9161763191223145,
    7.776752471923828,
    23.910512924194336,
    57.40100860595703,
    77.78058624267578,
    110.957275390625
  ],
  "dim": 166660,
  "T_lanczos": 50,
  "converged": true
}