{
  "lambda_min": -40.98776626586914,
  "lambda_max": 1087.3414306640625,
  "eigenvalues": [
    -40.98776626586914,
    -36.335487365722656,
    -35.810302734375,
    -33.60237503051758,
    -32.409751892089844,
    -30.96274185180664,
    -29.670900344848633,
    -28.778480529785156,
    -27.181705474853516,
    -25.79511260986328,
    -24.550384521484375,
    -22.70743751525879,
    -21.026765823364258,
    -19.185720443725586,
    -16.9805850982666,
    -14.5457124710083,
    -12.413028717041016,
    -10.03156852722168,
    -7.745291709899902,
    -5.377115249633789,
    -2.893322229385376,
    -0.003349292790517211,
    0.6226944923400879,
    3.9606730937957764,
    6.055294036865234,
    8.771336555480957,
    11.478633880615234,
    13.748747825622559,
    16.296098709106445,
    19.22429847717285,
    21.2015380859375,
    23.956562042236328,
    26.454927444458008,
    28.447681427001953,
    30.42493438720703,
    32.05262756347656,
    34.288639068603516,
    35.408470153808594,
    37.729061126708984,
    38.62472915649414,
    40.093990325927734,
    41.44864273071289,
    43.20155715942383,
    44.48121643066406,
    45.151615142822266,
    48.079437255859375,
    52.82975387573242,
    57.21228790283203,
    307.6932373046875,
    1087.3414306640625
  ],
  "dim": 166660,
  "T_lanczos": 50,
  "converged": true
}