{
  "lambda_min": -99.26476287841797,
  "lambda_max": 24052.314453125,
  "eigenvalues": [
    -99.26476287841797,
    -95.83830261230469,
    -92.45618438720703,
    -89.17529296875,
    -81.54721069335938,
    -78.30011749267578,
    -75.21267700195312,
    -69.06111907958984,
    -63.84312057495117,
    -56.504634857177734,
    -50.59905242919922,
    -42.34027099609375,
    -34.85136795043945,
    -28.30835723876953,
    -18.73197364807129,
    -6.613150596618652,
    -0.02364298515021801,
    4.30775785446167,
    18.410266876220703,
    24.119489669799805,
    36.7543830871582,
    45.78467559814453,
    55.75678634643555,
    65.1589126586914,
    78.03514099121094,
    88.42093658447266,
    95.01611328125,
    106.48635864257812,
    115.5893783569336,
    126.7621841430664,
    138.28762817382812,
    147.10598754882812,
    161.1373748779297,
    167.97125244140625,
    171.46600341796875,
    186.42724609375,
    194.3699951171875,
    207.19810485839844,
    208.7615509033203,
    214.60812377929688,
    224.46116638183594,
    234.90126037597656,
    238.28707885742188,
    255.3807373046875,
    261.6920166015625,
    264.766845703125,
    274.060302734375,
    323.8321533203125,
    9979.177734375,
    24052.314453125
  ],
  "dim": 166660,
  "T_lanczos": 50,
  "converged": true
}