{
  "lambda_min": -31.3892879486084,
  "lambda_max": 946.6090698242188,
  "eigenvalues": [
    -31.3892879486084,
    -29.68865203857422,
    -28.403602600097656,
    -28.236934661865234,
    -27.30642318725586,
    -26.2405948638916,
    -25.041423797607422,
    -24.013774871826172,
    -22.658721923828125,
    -21.4880313873291,
    -19.91800880432129,
    -18.65944480895996,
    -16.930652618408203,
    -14.777689933776855,
    -12.780814170837402,
    -10.862954139709473,
    -8.577811241149902,
    -6.288082122802734,
    -4.497226715087891,
    -2.2452304363250732,
    -0.0002811266458593309,
    1.5440980195999146,
    4.164543628692627,
    5.930133819580078,
    8.65877628326416,
    10.921268463134766,
    13.248112678527832,
    15.682522773742676,
    18.466522216796875,
    20.52853775024414,
    22.935216903686523,
    24.99105453491211,
    26.897974014282227,
    29.036439895629883,
    31.506378173828125,
    32.4853401184082,
    34.71805191040039,
    36.726776123046875,
    38.539947509765625,
    39.70134353637695,
    40.271209716796875,
    41.72048568725586,
    43.18213653564453,
    44.15605163574219,
    44.27980422973633,
    47.258296966552734,
    50.27094268798828,
    54.760746002197266,
    257.02197265625,
    946.6090698242188
  ],
  "dim": 166660,
  "T_lanczos": 50,
  "converged": true
}