{
  "lambda_min": -16.104759216308594,
  "lambda_max": 530.3987426757812,
  "eigenvalues": [
    -16.104759216308594,
    -14.636665344238281,
    -14.46579360961914,
    -13.68626880645752,
    -13.120589256286621,
    -12.513140678405762,
    -12.096244812011719,
    -11.383940696716309,
    -10.777045249938965,
    -10.002440452575684,
    -9.01684856414795,
    -8.014595985412598,
    -7.028876304626465,
    -5.975471019744873,
    -4.855373382568359,
    -3.555943489074707,
    -2.4298255443573,
    -1.2516952753067017,
    -0.0016945580719038844,
    0.5741977691650391,
    2.0339813232421875,
    3.4457898139953613,
    4.713435173034668,
    6.084390640258789,
    7.366579055786133,
    8.597929954528809,
    9.98816204071045,
    11.394038200378418,
    12.46658992767334,
    13.722156524658203,
    14.811142921447754,
    15.874133110046387,
    16.790517807006836,
    18.10028648376465,
    19.13414192199707,
    19.896581649780273,
    20.576120376586914,
    21.07923698425293,
    22.182300567626953,
    22.911216735839844,
    22.968568801879883,
    24.317272186279297,
    25.57689094543457,
    26.659343719482422,
    154.17176818847656,
    187.63143920898438,
    194.50033569335938,
    362.3074645996094,
    365.8086853027344,
    530.3987426757812
  ],
  "dim": 166660,
  "T_lanczos": 50,
  "converged": true
}