{
  "lambda_min": -19.598247528076172,
  "lambda_max": 935.1415405273438,
  "eigenvalues": [
    -19.598247528076172,
    -18.36276626586914,
    -17.745206832885742,
    -17.053255081176758,
    -16.617759704589844,
    -15.804945945739746,
    -15.242024421691895,
    -14.24412727355957,
    -13.474233627319336,
    -12.550983428955078,
    -11.382761001586914,
    -10.20281982421875,
    -9.098280906677246,
    -7.602312088012695,
    -6.548756122589111,
    -5.007260799407959,
    -3.4684531688690186,
    -2.2554430961608887,
    -0.4784667193889618,
    0.0060944585129618645,
    1.7531408071517944,
    3.1410257816314697,
    4.8142170906066895,
    6.438584327697754,
    8.032413482666016,
    9.480372428894043,
    11.283598899841309,
    12.659159660339355,
    14.033007621765137,
    15.506014823913574,
    17.052017211914062,
    18.133914947509766,
    20.035057067871094,
    20.96369743347168,
    21.88529396057129,
    23.019943237304688,
    23.963106155395508,
    24.50420379638672,
    25.885089874267578,
    26.8616943359375,
    27.418325424194336,
    28.960262298583984,
    30.030580520629883,
    33.902069091796875,
    67.07365417480469,
    152.15773010253906,
    312.63470458984375,
    461.680908203125,
    631.8160400390625,
    935.1415405273438
  ],
  "dim": 166660,
  "T_lanczos": 50,
  "converged": true
}