{
  "lambda_min": -247.9976043701172,
  "lambda_max": 24744.267578125,
  "eigenvalues": [
    -247.9976043701172,
    -239.98484802246094,
    -158.5498809814453,
    -153.59620666503906,
    -146.58360290527344,
    -141.29129028320312,
    -136.0403594970703,
    -132.32223510742188,
    -123.7704849243164,
    -118.06208038330078,
    -104.29824829101562,
    -98.81390380859375,
    -76.03255462646484,
    -64.19364929199219,
    -53.44388198852539,
    -43.378841400146484,
    -27.677032470703125,
    -8.430150985717773,
    0.008165949955582619,
    8.533905029296875,
    24.678211212158203,
    41.23631286621094,
    57.855796813964844,
    75.05075073242188,
    92.47648620605469,
    105.2738265991211,
    127.62203979492188,
    143.44500732421875,
    162.1862335205078,
    173.15919494628906,
    192.12388610839844,
    206.88720703125,
    222.0226593017578,
    230.8973846435547,
    249.04977416992188,
    257.358642578125,
    273.0828552246094,
    285.287353515625,
    289.1514892578125,
    308.5675964355469,
    312.2848205566406,
    317.5300598144531,
    318.6054992675781,
    344.9185485839844,
    360.1981506347656,
    404.6719665527344,
    442.480224609375,
    535.9227294921875,
    765.2755737304688,
    24744.267578125
  ],
  "dim": 166660,
  "T_lanczos": 50,
  "converged": false
}