{
  "lambda_min": -123.43988800048828,
  "lambda_max": 2156.48876953125,
  "eigenvalues": [
    -123.43988800048828,
    -101.47432708740234,
    -98.75077056884766,
    -91.88845825195312,
    -87.195068359375,
    -84.6549301147461,
    -82.9424819946289,
    -77.14996337890625,
    -75.52642822265625,
    -70.0989761352539,
    -64.97393798828125,
    -61.823829650878906,
    -58.5521354675293,
    -54.087562561035156,
    -49.13894271850586,
    -43.96384811401367,
    -37.876346588134766,
    -31.383460998535156,
    -25.939411163330078,
    -19.184558868408203,
    -14.455322265625,
    -7.611745357513428,
    -0.1195840910077095,
    0.06856303662061691,
    10.589215278625488,
    16.10658073425293,
    21.842355728149414,
    27.462926864624023,
    34.33262634277344,
    40.597434997558594,
    46.52620315551758,
    51.41754913330078,
    56.470176696777344,
    61.806034088134766,
    67.99664306640625,
    73.17961120605469,
    78.13813018798828,
    80.95764923095703,
    83.95597076416016,
    90.13895416259766,
    92.40471649169922,
    95.54151153564453,
    101.45294952392578,
    106.88908386230469,
    113.94210815429688,
    119.672607421875,
    126.19841003417969,
    151.30247497558594,
    499.60479736328125,
    2156.48876953125
  ],
  "dim": 166660,
  "T_lanczos": 50,
  "converged": true
}