{
  "lambda_min": -13.03935432434082,
  "lambda_max": 537.1961669921875,
  "eigenvalues": [
    -13.03935432434082,
    -12.30319595336914,
    -12.140969276428223,
    -11.557278633117676,
    -11.22551155090332,
    -10.689128875732422,
    -10.240263938903809,
    -9.697142601013184,
    -8.916401863098145,
    -8.061468124389648,
    -7.157580375671387,
    -6.310829162597656,
    -5.296464920043945,
    -4.241809368133545,
    -3.159830331802368,
    -2.07688307762146,
    -0.970234751701355,
    -0.001522495411336422,
    0.7012173533439636,
    1.865997552871704,
    3.1650378704071045,
    4.381789684295654,
    5.624527931213379,
    6.881490707397461,
    8.09070873260498,
    9.125245094299316,
    10.787393569946289,
    11.74444580078125,
    12.738500595092773,
    13.806707382202148,
    14.913139343261719,
    15.61633014678955,
    17.14765167236328,
    17.591754913330078,
    18.91021728515625,
    20.014602661132812,
    20.231281280517578,
    20.801828384399414,
    21.926067352294922,
    22.39459991455078,
    24.252185821533203,
    24.824079513549805,
    41.236141204833984,
    104.25495147705078,
    139.924560546875,
    186.1938934326172,
    250.79306030273438,
    296.4866943359375,
    416.70355224609375,
    537.1961669921875
  ],
  "dim": 166660,
  "T_lanczos": 50,
  "converged": true
}