{
  "lambda_min": -1.153854489326477,
  "lambda_max": 33.48345184326172,
  "eigenvalues": [
    -1.153854489326477,
    -0.8898648619651794,
    -0.8605033159255981,
    -0.853751003742218,
    -0.8221797347068787,
    -0.802326500415802,
    -0.7768852710723877,
    -0.7266800403594971,
    -0.7063515782356262,
    -0.6547531485557556,
    -0.6051079630851746,
    -0.563093900680542,
    -0.512952446937561,
    -0.462241530418396,
    -0.39596816897392273,
    -0.33968260884284973,
    -0.27939504384994507,
    -0.20869946479797363,
    -0.13823775947093964,
    -0.07158540189266205,
    -0.001293385517783463,
    0.015047948807477951,
    0.08924250304698944,
    0.16854341328144073,
    0.22953563928604126,
    0.29220956563949585,
    0.364073783159256,
    0.4413987100124359,
    0.4952264726161957,
    0.5593757033348083,
    0.6252343654632568,
    0.6725577116012573,
    0.7421147227287292,
    0.7846630215644836,
    0.8427169919013977,
    0.8814532160758972,
    0.9191067218780518,
    0.9498202800750732,
    0.9865632653236389,
    0.9994504451751709,
    1.0367825031280518,
    1.0659148693084717,
    1.1449990272521973,
    1.7138644456863403,
    3.7886061668395996,
    4.735320568084717,
    5.354700088500977,
    8.739606857299805,
    18.247913360595703,
    33.48345184326172
  ],
  "dim": 166660,
  "T_lanczos": 50,
  "converged": true
}