{
  "lambda_min": -35.54856872558594,
  "lambda_max": 1163.402099609375,
  "eigenvalues": [
    -35.54856872558594,
    -32.56151580810547,
    -32.21419906616211,
    -31.35028076171875,
    -30.836397171020508,
    -29.98263931274414,
    -29.072280883789062,
    -28.29154396057129,
    -26.20893669128418,
    -25.30668067932129,
    -23.69694709777832,
    -22.003799438476562,
    -20.519763946533203,
    -18.092649459838867,
    -16.193500518798828,
    -14.121776580810547,
    -11.921853065490723,
    -9.918566703796387,
    -7.333736419677734,
    -5.095271587371826,
    -2.989049196243286,
    -0.012140847742557526,
    0.2743099629878998,
    2.9530577659606934,
    5.273953914642334,
    7.623072147369385,
    10.068391799926758,
    12.201824188232422,
    14.26078987121582,
    16.9007511138916,
    18.94660758972168,
    21.19220542907715,
    23.25983238220215,
    25.261096954345703,
    26.729305267333984,
    27.892873764038086,
    30.67067527770996,
    31.792156219482422,
    32.94449234008789,
    34.58317184448242,
    35.80412673950195,
    36.12599182128906,
    37.55912780761719,
    40.67988967895508,
    42.13583755493164,
    46.059444427490234,
    280.94677734375,
    405.5385437011719,
    578.5315551757812,
    1163.402099609375
  ],
  "dim": 166660,
  "T_lanczos": 50,
  "converged": true
}