{
  "lambda_min": -32.21485900878906,
  "lambda_max": 791.9724731445312,
  "eigenvalues": [
    -32.21485900878906,
    -28.26470947265625,
    -28.078399658203125,
    -26.14124870300293,
    -25.656021118164062,
    -24.3734073638916,
    -23.656116485595703,
    -23.237979888916016,
    -21.968547821044922,
    -20.67241096496582,
    -19.5241641998291,
    -18.122703552246094,
    -16.69554901123047,
    -15.420503616333008,
    -12.752747535705566,
    -10.991044998168945,
    -9.323371887207031,
    -7.677862167358398,
    -5.715020656585693,
    -3.7191598415374756,
    -1.8736779689788818,
    -0.0008113012299872935,
    1.174655795097351,
    3.3759453296661377,
    5.416227340698242,
    7.235072612762451,
    9.451637268066406,
    11.670331954956055,
    13.750290870666504,
    15.876056671142578,
    17.68306541442871,
    19.38364601135254,
    21.085187911987305,
    23.151920318603516,
    24.935091018676758,
    26.186153411865234,
    27.393783569335938,
    28.977718353271484,
    29.83765411376953,
    30.97648048400879,
    32.19703674316406,
    34.17304992675781,
    35.781578063964844,
    36.70374298095703,
    38.02110290527344,
    41.854583740234375,
    42.91594314575195,
    47.79618453979492,
    141.05723571777344,
    791.9724731445312
  ],
  "dim": 166660,
  "T_lanczos": 50,
  "converged": true
}