{
  "lambda_min": -1.1952667236328125,
  "lambda_max": 39.02701950073242,
  "eigenvalues": [
    -1.1952667236328125,
    -0.8681330680847168,
    -0.8440988063812256,
    -0.8338815569877625,
    -0.8140712380409241,
    -0.7893807291984558,
    -0.7539762258529663,
    -0.728740394115448,
    -0.6885154843330383,
    -0.6514506936073303,
    -0.6123371720314026,
    -0.5658077001571655,
    -0.5130729675292969,
    -0.47099921107292175,
    -0.39985254406929016,
    -0.34210091829299927,
    -0.2784964442253113,
    -0.21642285585403442,
    -0.14655464887619019,
    -0.0781172588467598,
    -0.0007459752960130572,
    0.018565485253930092,
    0.08276461064815521,
    0.14229540526866913,
    0.21338854730129242,
    0.2853524088859558,
    0.34411337971687317,
    0.4210034906864166,
    0.48564034700393677,
    0.5486512184143066,
    0.6151319146156311,
    0.6658955216407776,
    0.7174614667892456,
    0.7658165693283081,
    0.8090307712554932,
    0.8610233664512634,
    0.8885439038276672,
    0.9244723320007324,
    0.9565486311912537,
    0.9727499485015869,
    0.9825732707977295,
    1.0417488813400269,
    1.1039091348648071,
    1.9482979774475098,
    4.036346912384033,
    4.858819484710693,
    5.641654014587402,
    9.363758087158203,
    19.052549362182617,
    39.02701950073242
  ],
  "dim": 166660,
  "T_lanczos": 50,
  "converged": true
}