{
  "lambda_min": -41.52306365966797,
  "lambda_max": 955.0328369140625,
  "eigenvalues": [
    -41.52306365966797,
    -37.12930679321289,
    -35.64634323120117,
    -33.764129638671875,
    -32.93441390991211,
    -31.890060424804688,
    -30.766746520996094,
    -29.75752067565918,
    -27.85976219177246,
    -26.79237174987793,
    -24.74860382080078,
    -22.639406204223633,
    -21.046791076660156,
    -18.834218978881836,
    -16.668920516967773,
    -14.027283668518066,
    -11.970952033996582,
    -9.26419448852539,
    -6.541686058044434,
    -4.270314693450928,
    -1.5155329704284668,
    0.001092692487873137,
    3.188117742538452,
    5.810708522796631,
    8.254095077514648,
    10.910877227783203,
    13.804476737976074,
    16.865379333496094,
    19.02753257751465,
    22.02789878845215,
    24.63095474243164,
    27.22760772705078,
    29.278331756591797,
    32.24755859375,
    35.29228591918945,
    36.12184143066406,
    38.57088851928711,
    40.1845817565918,
    41.551483154296875,
    44.34101486206055,
    45.708831787109375,
    47.02694320678711,
    47.873130798339844,
    49.20143127441406,
    52.672847747802734,
    55.37654495239258,
    56.7440185546875,
    59.44839096069336,
    281.35699462890625,
    955.0328369140625
  ],
  "dim": 166660,
  "T_lanczos": 50,
  "converged": true
}